ID,Sample type,Condition,Temperature,Time,Air Temp.,IRL date,IRL time ,Vial ID,Replicate,Sensor,Measure Bot 1,Measure Bot 2,Measure Bot 3,Mean Bot,Error Bot,Measure Mid 1,Measure Mid 2,Measure Mid 3,Mean Mid,Error Mid,Measure Top 1,Measure Top 2,Measure Top 3,Mean Top,Error Top,Notes
MZS25_001,ICE,Light,1.5,0,,27/12/2025,19:32:00,1,1,MZS_001,17.9,17.9,17.9,17.9,0,17.4,17.5,17.6,17.5,0.1,18.2,18.1,18.1,18.13333333,0.057735027,
MZS25_001,ICE,Light,2.5,0.5,,27/12/2025,20:02:00,1,1,MZS_001,15.5,15.4,15.4,15.43333333,0.057735027,15.7,15.7,15.7,15.7,2.18E+15,16,16.1,16.2,16.1,0.1,
MZS25_001,ICE,Light,1,1.05,,27/12/2025,20:35:00,1,1,MZS_001,15.2,15.1,15.3,15.2,0.1,15.6,15.8,15.8,15.73333333,0.115470054,15.8,16,15.9,15.9,0.1,
MZS25_001,ICE,Light,1.1,1.55,,27/12/2025,21:05:00,1,1,MZS_001,15.1,15.2,15.2,15.16666667,0.057735027,15.6,15.6,15.7,15.63333333,0.057735027,15.8,16,16,15.93333333,0.115470054,
MZS25_001,ICE,Light,1.8,2.633333333,,27/12/2025,22:10:00,1,1,MZS_001,14.9,14.9,14.9,14.9,0,14.9,15.1,15.2,15.06666667,0.152752523,15,15.2,15.2,15.13333333,0.115470054,
MZS25_001,ICE,Light,0.8,4.3,,27/12/2025,23:50:00,1,1,MZS_001,14.9,15.1,15.1,15.03333333,0.115470054,15.1,15.1,15.1,15.1,0,15,15.1,15.2,15.1,0.1,
MZS25_001,ICE,Light,0.3,5.3,,28/12/2025,00:50:00,1,1,MZS_001,14.7,14.8,14.8,14.76666667,0.057735027,14.7,14.8,14.9,14.8,0.1,14.9,15.1,15.1,15.03333333,0.115470054,
MZS25_001,ICE,Light,1.5,0,,27/12/2025,19:32:00,2,2,MZS_002,17.9,17.9,17.9,17.9,0,17.3,17,17.6,17.3,0.3,18.1,18.1,17.9,18.03333333,0.115470054,
MZS25_001,ICE,Light,2.5,0.5,,27/12/2025,20:02:00,2,2,MZS_002,16.6,16.8,16.8,16.73333333,0.115470054,16.6,16.7,16.8,16.7,0.1,17.2,17.3,17.3,17.26666667,0.057735027,
MZS25_001,ICE,Light,1,1.05,,27/12/2025,20:35:00,2,2,MZS_002,16.3,16.4,16.4,16.36666667,0.057735027,16.3,16.3,16.4,16.33333333,0.057735027,16.7,16.7,16.7,16.7,0,
MZS25_001,ICE,Light,1.1,1.55,,27/12/2025,21:05:00,2,2,MZS_002,16.2,16.3,16.2,16.23333333,0.057735027,16.4,16.4,16.4,16.4,0,16.8,13.7,16.7,15.73333333,1.761628035,
MZS25_001,ICE,Light,1.8,2.633333333,,27/12/2025,22:10:00,2,2,MZS_002,15.4,15.6,15.6,15.53333333,0.115470054,15.4,15.6,15.8,15.6,0.2,15.6,15.8,15.9,15.76666667,0.152752523,
MZS25_001,ICE,Light,0.8,4.3,,27/12/2025,23:50:00,2,2,MZS_002,15,15.1,15.2,15.1,0.1,15.5,15.6,15.7,15.6,0.1,15.6,15.8,15.7,15.7,0.1,
MZS25_001,ICE,Light,0.3,5.3,,28/12/2025,00:50:00,2,2,MZS_002,15.4,15.5,15.4,15.43333333,0.057735027,15.2,15.2,15.2,15.2,2.18E+15,15.2,15.4,15.4,15.33333333,0.115470054,
MZS25_001,ICE,Light,1.5,0,,27/12/2025,19:32:00,3,3,MZS_003,17.2,17.3,17.3,17.26666667,0.057735027,17.5,17.5,17.5,17.5,0,17.2,17.3,17.3,17.26666667,0.057735027,
MZS25_001,ICE,Light,2.5,0.5,,27/12/2025,20:02:00,3,3,MZS_003,15.6,15.7,15.8,15.7,0.1,15.6,15.8,15.8,15.73333333,0.115470054,15.8,15.9,16,15.9,0.1,
MZS25_001,ICE,Light,1,1.05,,27/12/2025,20:35:00,3,3,MZS_003,15.7,15.8,15.8,15.76666667,0.057735027,15.5,15.6,15.7,15.6,0.1,15.3,15.4,15.4,15.36666667,0.057735027,
MZS25_001,ICE,Light,1.1,1.55,,27/12/2025,21:05:00,3,3,MZS_003,15.3,15.4,15.4,15.36666667,0.057735027,15.3,15.5,15.6,15.46666667,0.152752523,15.2,15.4,15.3,15.3,0.1,
MZS25_001,ICE,Light,1.8,2.633333333,,27/12/2025,22:10:00,3,3,MZS_003,15.6,15.7,15.5,15.6,0.1,15.8,16.1,16.1,16,0.173205081,16,16,16,16,0,
MZS25_001,ICE,Light,0.8,4.3,,27/12/2025,23:50:00,3,3,MZS_003,15.4,15.4,15.4,15.4,0,15.4,15.5,15.5,15.46666667,0.057735027,15.1,15.1,15.2,15.13333333,0.057735027,
MZS25_001,ICE,Light,0.3,5.3,,28/12/2025,00:50:00,3,3,MZS_003,15.2,15.2,15.2,15.2,2.18E+15,15.3,15.3,15.3,15.3,2.18E+15,15.1,15.1,15.2,15.13333333,0.057735027,
MZS25_001,ICE,Light,1.5,0,,27/12/2025,19:32:00,4,4,MZS_004,17.6,17.7,17.7,17.66666667,0.057735027,17.6,17.6,17.8,17.66666667,0.115470054,17.8,17.8,17.9,17.83333333,0.057735027,
MZS25_001,ICE,Light,2.5,0.5,,27/12/2025,20:02:00,4,4,MZS_004,15,15.1,15.2,15.1,0.1,15.5,15.6,15.6,15.56666667,0.057735027,15.8,15.9,16,15.9,0.1,
MZS25_001,ICE,Light,1,1.05,,27/12/2025,20:35:00,4,4,MZS_004,15.1,15.3,15.3,15.23333333,0.115470054,15.3,15.4,15.4,15.36666667,0.057735027,15.6,15.7,15.7,15.66666667,0.057735027,
MZS25_001,ICE,Light,1.1,1.55,,27/12/2025,21:05:00,4,4,MZS_004,14.7,14.9,14.9,14.83333333,0.115470054,15.2,15.1,15.3,15.2,0.1,15.4,15.6,15.6,15.53333333,0.115470054,
MZS25_001,ICE,Light,1.8,2.633333333,,27/12/2025,22:10:00,4,4,MZS_004,15,15.1,15.2,15.1,0.1,15.1,15.3,15.5,15.3,0.2,15.4,15.5,15.5,15.46666667,0.057735027,
MZS25_001,ICE,Light,0.8,4.3,,27/12/2025,23:50:00,4,4,MZS_004,14.9,15,15,14.96666667,0.057735027,14.8,14.9,14.9,14.86666667,0.057735027,14.8,15,15.1,14.96666667,0.152752523,
MZS25_001,ICE,Light,0.3,5.3,,28/12/2025,00:50:00,4,4,MZS_004,14.7,14.6,14.7,14.66666667,0.057735027,14.8,14.9,14.9,14.86666667,0.057735027,14.9,15,15.1,15,0.1,
MZS25_001,ICE,Light,1.5,0,,27/12/2025,19:32:00,5,5,MZS_005,18.8,18.8,19,18.86666667,0.115470054,18.2,18.3,18.5,18.33333333,0.152752523,18.3,18.4,18.4,18.36666667,0.057735027,
MZS25_001,ICE,Light,2.5,0.5,,27/12/2025,20:02:00,5,5,MZS_005,16.5,16.6,16.6,16.56666667,0.057735027,16.3,16.3,16.5,16.36666667,0.115470054,16.5,16.5,16.3,16.43333333,0.115470054,
MZS25_001,ICE,Light,1,1.05,,27/12/2025,20:35:00,5,5,MZS_005,16.2,16.3,16.3,16.26666667,0.057735027,15.9,16.1,16.1,16.03333333,0.115470054,16,16.1,16.1,16.06666667,0.057735027,
MZS25_001,ICE,Light,1.1,1.55,,27/12/2025,21:05:00,5,5,MZS_005,15.9,16,16,15.96666667,0.057735027,16.2,16.1,16.1,16.13333333,0.057735027,15.9,15.9,16,15.93333333,0.057735027,
MZS25_001,ICE,Light,1.8,2.633333333,,27/12/2025,22:10:00,5,5,MZS_005,16,16,16,16,0,15.8,15.9,15.9,15.86666667,0.057735027,15.6,15.7,15.8,15.7,0.1,
MZS25_001,ICE,Light,0.8,4.3,,27/12/2025,23:50:00,5,5,MZS_005,15.9,15.9,16,15.93333333,0.057735027,15.8,15.9,16,15.9,0.1,15.6,15.5,15.7,15.6,0.1,
MZS25_001,ICE,Light,0.3,5.3,,28/12/2025,00:50:00,5,5,MZS_005,15.8,15.8,15.9,15.83333333,0.057735027,15.6,15.7,15.7,15.66666667,0.057735027,15.4,15.7,15.6,15.56666667,0.152752523,
MZS25_001,ICE,Light,1.5,0,,27/12/2025,19:32:00,6,6,MZS_006,16.6,16.7,16.7,16.66666667,0.057735027,16.8,16.9,17,16.9,0.1,17,17.1,17.1,17.06666667,0.057735027,
MZS25_001,ICE,Light,2.5,0.5,,27/12/2025,20:02:00,6,6,MZS_006,15.5,15.5,15.5,15.5,0,15.6,15.8,15.8,15.73333333,0.115470054,15.5,15.6,15.8,15.63333333,0.152752523,
MZS25_001,ICE,Light,1,1.05,,27/12/2025,20:35:00,6,6,MZS_006,15.4,15.6,15.6,15.53333333,0.115470054,15.3,15.4,15.5,15.4,0.1,15.4,15.5,15.6,15.5,0.1,
MZS25_001,ICE,Light,1.1,1.55,,27/12/2025,21:05:00,6,6,MZS_006,15.3,15.4,15.5,15.4,0.1,15.3,15.5,15.5,15.43333333,0.115470054,15.5,15.7,15.8,15.66666667,0.152752523,
MZS25_001,ICE,Light,1.8,2.633333333,,27/12/2025,22:10:00,6,6,MZS_006,15.7,15.7,15.5,15.63333333,0.115470054,15.3,15.5,15.5,15.43333333,0.115470054,15.2,15.3,15.3,15.26666667,0.057735027,
MZS25_001,ICE,Light,0.8,4.3,,27/12/2025,23:50:00,6,6,MZS_006,15.4,15.5,15.6,15.5,0.1,15.2,15.4,15.5,15.36666667,0.152752523,15.2,15.4,15.5,15.36666667,0.152752523,
MZS25_001,ICE,Light,0.3,5.3,,28/12/2025,00:50:00,6,6,MZS_006,15,15,15,15,0,14.9,14.9,15,14.93333333,0.057735027,15,15,15.1,15.03333333,0.057735027,
MZS25_001,ICE,Dark,2.7,0,,27/12/2025,19:10:00,8,1,MZS_008,16.6,16.6,16.7,16.63333333,0.057735027,16.9,16.9,17,16.93333333,0.057735027,18.1,18.2,18.1,18.13333333,0.057735027,
MZS25_001,ICE,Dark,0.8,0.583333333,,27/12/2025,19:45:00,8,1,MZS_008,15.3,15.5,15.6,15.46666667,0.152752523,15.6,15.8,15.9,15.76666667,0.152752523,16.5,16.4,16.4,16.43333333,0.057735027,
MZS25_001,ICE,Dark,0.7,1.216666667,,27/12/2025,20:23:00,8,1,MZS_008,15.2,15.3,15.4,15.3,0.1,15.5,15.6,15.7,15.6,0.1,15.9,16.1,16.1,16.03333333,0.115470054,
MZS25_001,ICE,Dark,0.5,1.766666667,,27/12/2025,20:56:00,8,1,MZS_008,15.6,15.7,15.7,15.66666667,0.057735027,15.6,15.8,15.8,15.73333333,0.115470054,16,16.1,16.1,16.06666667,0.057735027,
MZS25_001,ICE,Dark,0.4,2.833333333,,27/12/2025,22:00:00,8,1,MZS_008,15.7,15.7,15.8,15.73333333,0.057735027,16,16.2,16,16.06666667,0.115470054,16.7,16.8,16.7,16.73333333,0.057735027,
MZS25_001,ICE,Dark,0.4,4.5,,27/12/2025,23:40:00,8,1,MZS_008,16.1,16.1,16.3,16.16666667,0.115470054,16,16.2,16.2,16.13333333,0.115470054,16.4,16.4,16.5,16.43333333,0.057735027,
MZS25_001,ICE,Dark,1,5.5,,28/12/2025,00:40:00,8,1,MZS_008,15.5,15.6,15.7,15.6,0.1,15.7,15.8,15.9,15.8,0.1,16,16.1,16,16.03333333,0.057735027,
MZS25_001,ICE,Dark,2.7,0,,27/12/2025,19:10:00,9,2,MZS_009,16.2,16,16.2,16.13333333,0.115470054,16.8,16.8,16.8,16.8,0,17.3,17.4,17.4,17.36666667,0.057735027,
MZS25_001,ICE,Dark,0.8,0.583333333,,27/12/2025,19:45:00,9,2,MZS_009,15.2,15.4,15.4,15.33333333,0.115470054,15.4,15.6,15.7,15.56666667,0.152752523,15.8,15.9,15.9,15.86666667,0.057735027,
MZS25_001,ICE,Dark,0.7,1.216666667,,27/12/2025,20:23:00,9,2,MZS_009,14.7,14.9,15,14.86666667,0.152752523,14.8,15.1,15.2,15.03333333,0.2081666,15.1,15.2,15.3,15.2,0.1,
MZS25_001,ICE,Dark,0.5,1.766666667,,27/12/2025,20:56:00,9,2,MZS_009,15.1,15.2,15.2,15.16666667,0.057735027,15.1,15.3,15.3,15.23333333,0.115470054,15.4,15.5,15.5,15.46666667,0.057735027,
MZS25_001,ICE,Dark,0.4,2.833333333,,27/12/2025,22:00:00,9,2,MZS_009,15.2,15.4,15.4,15.33333333,0.115470054,15.8,15.9,15.8,15.83333333,0.057735027,16.2,16.1,16.2,16.16666667,0.057735027,
MZS25_001,ICE,Dark,0.4,4.5,,27/12/2025,23:40:00,9,2,MZS_009,14.9,15,15,14.96666667,0.057735027,15.6,16,16.1,15.9,0.264575131,15.5,15.7,15.6,15.6,0.1,
MZS25_001,ICE,Dark,1,5.5,,28/12/2025,00:40:00,9,2,MZS_009,14.6,14.7,14.7,14.66666667,0.057735027,14.8,15,15,14.93333333,0.115470054,15.2,15.2,15.3,15.23333333,0.057735027,
MZS25_001,ICE,Dark,2.7,0,,27/12/2025,19:10:00,10,3,MZS_010,16.6,16.6,16.7,16.63333333,0.057735027,16.6,16.6,16.6,16.6,0,17,17.1,16.9,17,0.1,
MZS25_001,ICE,Dark,0.8,0.583333333,,27/12/2025,19:45:00,10,3,MZS_010,15.6,15.6,15.8,15.66666667,0.115470054,15.8,15.9,16,15.9,0.1,16,16,16,16,0,
MZS25_001,ICE,Dark,0.7,1.216666667,,27/12/2025,20:23:00,10,3,MZS_010,15.4,15.5,15.5,15.46666667,0.057735027,15.4,15.5,15.6,15.5,0.1,15.9,15.9,15.9,15.9,0,
MZS25_001,ICE,Dark,0.5,1.766666667,,27/12/2025,20:56:00,10,3,MZS_010,15.7,15.8,15.8,15.76666667,0.057735027,15.7,15.8,15.9,15.8,0.1,15.9,15.9,16,15.93333333,0.057735027,
MZS25_001,ICE,Dark,0.4,2.833333333,,27/12/2025,22:00:00,10,3,MZS_010,15.8,15.9,15.9,15.86666667,0.057735027,16.1,16.2,16.2,16.16666667,0.057735027,16.6,16.9,16.9,16.8,0.173205081,
MZS25_001,ICE,Dark,0.4,4.5,,27/12/2025,23:40:00,10,3,MZS_010,16.1,16,16.2,16.1,0.1,16.4,16.5,16.5,16.46666667,0.057735027,16.4,16.6,16.6,16.53333333,0.115470054,
MZS25_001,ICE,Dark,1,5.5,,28/12/2025,00:40:00,10,3,MZS_010,15.7,15.9,16,15.86666667,0.152752523,15.9,16.1,16.2,16.06666667,0.152752523,16.3,16.4,16.2,16.3,0.1,
MZS25_001,ICE,Dark,2.7,0,,27/12/2025,19:10:00,11,4,MZS_011,17.2,17.4,17.5,17.36666667,0.152752523,17.4,17.6,17.7,17.56666667,0.152752523,17.6,17.8,17.8,17.73333333,0.115470054,
MZS25_001,ICE,Dark,0.8,0.583333333,,27/12/2025,19:45:00,11,4,MZS_011,15.8,15.9,15.9,15.86666667,0.057735027,15.6,15.6,15.4,15.53333333,0.115470054,15.6,15.8,15.8,15.73333333,0.115470054,
MZS25_001,ICE,Dark,0.7,1.216666667,,27/12/2025,20:23:00,11,4,MZS_011,15.7,15.8,15.8,15.76666667,0.057735027,15.4,15.6,15.7,15.56666667,0.152752523,15.4,15.5,15.5,15.46666667,0.057735027,
MZS25_001,ICE,Dark,0.5,1.766666667,,27/12/2025,20:56:00,11,4,MZS_011,15.8,15.9,15.7,15.8,0.1,15.7,15.8,15.8,15.76666667,0.057735027,15.6,15.8,15.8,15.73333333,0.115470054,
MZS25_001,ICE,Dark,0.4,2.833333333,,27/12/2025,22:00:00,11,4,MZS_011,16,16,16,16,0,15.9,15.9,15.9,15.9,0,16.2,16.1,16.3,16.2,0.1,
MZS25_001,ICE,Dark,0.4,4.5,,27/12/2025,23:40:00,11,4,MZS_011,16.2,16.2,16.2,16.2,0,15.7,15.9,15.9,15.83333333,0.115470054,15.7,15.7,15.7,15.7,2.18E+15,
MZS25_001,ICE,Dark,1,5.5,,28/12/2025,00:40:00,11,4,MZS_011,15.7,15.8,15.9,15.8,0.1,15.8,15.8,16,15.86666667,0.115470054,15.7,15.8,15.9,15.8,0.1,
MZS25_001,ICE,Dark,2.7,0,,27/12/2025,19:10:00,12,5,MZS_012,17,17.1,17,17.03333333,0.057735027,16.6,16.7,16.8,16.7,0.1,16.8,16.9,16.9,16.86666667,0.057735027,
MZS25_001,ICE,Dark,0.8,0.583333333,,27/12/2025,19:45:00,12,5,MZS_012,16.1,16.1,16.1,16.1,0,15.7,15.8,15.8,15.76666667,0.057735027,15.5,15.6,15.6,15.56666667,0.057735027,
MZS25_001,ICE,Dark,0.7,1.216666667,,27/12/2025,20:23:00,12,5,MZS_012,15.1,15.3,15.3,15.23333333,0.115470054,15.3,15.4,15.5,15.4,0.1,15.3,15.5,15.5,15.43333333,0.115470054,
MZS25_001,ICE,Dark,0.5,1.766666667,,27/12/2025,20:56:00,12,5,MZS_012,15.3,15.5,15.6,15.46666667,0.152752523,15.4,15.5,15.6,15.5,0.1,15.6,15.8,15.7,15.7,0.1,
MZS25_001,ICE,Dark,0.4,2.833333333,,27/12/2025,22:00:00,12,5,MZS_012,15.5,15.6,15.6,15.56666667,0.057735027,15.1,15.4,15.4,15.3,0.173205081,15.3,15.6,15.5,15.46666667,0.152752523,
MZS25_001,ICE,Dark,0.4,4.5,,27/12/2025,23:40:00,12,5,MZS_012,15.2,15.2,15.3,15.23333333,0.057735027,15.2,15.4,15.4,15.33333333,0.115470054,15.1,15.3,15.4,15.26666667,0.152752523,
MZS25_001,ICE,Dark,1,5.5,,28/12/2025,00:40:00,12,5,MZS_012,15,15.1,15.1,15.06666667,0.057735027,15.2,15.2,15.2,15.2,2.18E+15,15.5,15.5,15.4,15.46666667,0.057735027,
MZS25_001,ICE,Dark,2.7,0,,27/12/2025,19:10:00,13,6,MZS_013,17.2,17.5,17.5,17.4,0.173205081,18.2,18.3,18.5,18.33333333,0.152752523,17.6,17.9,17.8,17.76666667,0.152752523,
MZS25_001,ICE,Dark,0.8,0.583333333,,27/12/2025,19:45:00,13,6,MZS_013,16,16,16.1,16.03333333,0.057735027,16.7,16.9,16.9,16.83333333,0.115470054,16.9,16.9,17,16.93333333,0.057735027,
MZS25_001,ICE,Dark,0.7,1.216666667,,27/12/2025,20:23:00,13,6,MZS_013,16,16.2,16.1,16.1,0.1,16.5,16.7,16.6,16.6,0.1,16.6,16.7,16.5,16.6,0.1,
MZS25_001,ICE,Dark,0.5,1.766666667,,27/12/2025,20:56:00,13,6,MZS_013,16.1,16.2,16.3,16.2,0.1,16.4,16.7,16.7,16.6,0.173205081,16.7,16.7,16.8,16.73333333,0.057735027,
MZS25_001,ICE,Dark,0.4,2.833333333,,27/12/2025,22:00:00,13,6,MZS_013,16,16.2,16.2,16.13333333,0.115470054,16,16.1,16,16.03333333,0.057735027,16.3,16.4,16.4,16.36666667,0.057735027,
MZS25_001,ICE,Dark,0.4,4.5,,27/12/2025,23:40:00,13,6,MZS_013,16.1,16.1,16.2,16.13333333,0.057735027,16.1,16.2,16.2,16.16666667,0.057735027,16,16.2,16.2,16.13333333,0.115470054,
MZS25_001,ICE,Dark,1,5.5,,28/12/2025,00:40:00,13,6,MZS_013,15.7,15.8,15.9,15.8,0.1,16.2,16.2,16.3,16.23333333,0.057735027,16.4,16.5,16.6,16.5,0.1,
MZS25_002.1,DRY SOIL,Light,7.7,0,,28/12/2025,19:45:00,1,1,MZS_015,19.2,19.6,19.5,19.43333333,0.2081666,19.6,19.9,19.9,19.8,0.173205081,20.3,20.5,20.6,20.46666667,0.152752523,Sample weight: 4.97g. Temperature weight: 5.66g.
MZS25_002.1,DRY SOIL,Light,2.8,0.416666667,,28/12/2025,20:10:00,1,1,MZS_015,20.2,20.5,20.2,20.3,0.173205081,20.3,20.5,20.3,20.36666667,0.115470054,20.5,20.6,20.7,20.6,0.1,Sample weight: 4.97g. Temperature weight: 5.66g.
MZS25_002.1,DRY SOIL,Light,3.7,1,,28/12/2025,20:45:00,1,1,MZS_015,19.6,19.8,19.8,19.73333333,0.115470054,20,20.2,20.3,20.16666667,0.152752523,20.3,20.5,20.9,20.56666667,0.305505046,Sample weight: 4.97g. Temperature weight: 5.66g.
MZS25_002.1,DRY SOIL,Light,4.8,1.95,,28/12/2025,21:42:00,1,1,MZS_015,19.4,19.7,19.7,19.6,0.173205081,20,20.1,20.1,20.06666667,0.057735027,20.4,20.5,20.5,20.46666667,0.057735027,Sample weight: 4.97g. Temperature weight: 5.66g.
MZS25_002.1,DRY SOIL,Light,4.7,4.916666667,,29/12/2025,00:40:00,1,1,MZS_015,20.3,20,20.4,20.23333333,0.2081666,20.1,20.3,20.4,20.26666667,0.152752523,20.5,20.7,20.8,20.66666667,0.152752523,Sample weight: 4.97g. Temperature weight: 5.66g.
MZS25_002.1,DRY SOIL,Light,7.7,0,,28/12/2025,19:45:00,2,2,MZS_016,19.4,19.7,19.7,19.6,0.173205081,19.3,19.4,19.4,19.36666667,0.057735027,20,20,20.1,20.03333333,0.057735027,Sample weight: 4.93g. Temperature weight: 5.66g.
MZS25_002.1,DRY SOIL,Light,2.8,0.416666667,,28/12/2025,20:10:00,2,2,MZS_016,19.6,19.8,20.1,19.83333333,0.251661148,19.6,20,20.1,19.9,0.264575131,20.3,20.4,20,20.23333333,0.2081666,Sample weight: 4.93g. Temperature weight: 5.66g.
MZS25_002.1,DRY SOIL,Light,3.7,1,,28/12/2025,20:45:00,2,2,MZS_016,20.3,20.4,20.3,20.33333333,0.057735027,20.2,20.5,20.2,20.3,0.173205081,20.9,20.9,21,20.93333333,0.057735027,Sample weight: 4.93g. Temperature weight: 5.66g.
MZS25_002.1,DRY SOIL,Light,4.8,1.95,,28/12/2025,21:42:00,2,2,MZS_016,19.4,19.5,19.5,19.46666667,0.057735027,19.6,19.5,19.6,19.56666667,0.057735027,19.6,19.8,19.6,19.66666667,0.115470054,Sample weight: 4.93g. Temperature weight: 5.66g.
MZS25_002.1,DRY SOIL,Light,4.7,4.916666667,,29/12/2025,00:40:00,2,2,MZS_016,19.5,19.7,19.8,19.66666667,0.152752523,20.1,20.2,20.3,20.2,0.1,20.3,20.4,20.4,20.36666667,0.057735027,Sample weight: 4.93g. Temperature weight: 5.66g.
MZS25_002.1,DRY SOIL,Light,7.7,0,,28/12/2025,19:45:00,3,3,MZS_017,19.1,19.3,19.5,19.3,0.2,19.2,19.3,19.3,19.26666667,0.057735027,19.8,20,20.1,19.96666667,0.152752523,Sample weight: 5.07g. Temperature weight: 5.66g.
MZS25_002.1,DRY SOIL,Light,2.8,0.416666667,,28/12/2025,20:10:00,3,3,MZS_017,19.6,19.5,19.5,19.53333333,0.057735027,19.9,20,20.2,20.03333333,0.152752523,20.3,20.7,20.7,20.56666667,0.230940108,Sample weight: 5.07g. Temperature weight: 5.66g.
MZS25_002.1,DRY SOIL,Light,3.7,1,,28/12/2025,20:45:00,3,3,MZS_017,19.7,19.8,19.9,19.8,0.1,19.7,19.9,20,19.86666667,0.152752523,20.8,20.9,20.9,20.86666667,0.057735027,Sample weight: 5.07g. Temperature weight: 5.66g.
MZS25_002.1,DRY SOIL,Light,4.8,1.95,,28/12/2025,21:42:00,3,3,MZS_017,19.9,20,19.7,19.86666667,0.152752523,19.8,20,20,19.93333333,0.115470054,20.2,20.3,20.3,20.26666667,0.057735027,Sample weight: 5.07g. Temperature weight: 5.66g.
MZS25_002.1,DRY SOIL,Light,4.7,4.916666667,,29/12/2025,00:40:00,3,3,MZS_017,19.5,19.6,19.5,19.53333333,0.057735027,19.9,19.9,20.1,19.96666667,0.115470054,19.9,20.2,20.3,20.13333333,0.2081666,Sample weight: 5.07g. Temperature weight: 5.66g.
MZS25_002.1,DRY SOIL,Light,7.7,0,,28/12/2025,19:45:00,4,4,MZS_018,18.2,18.4,19,18.53333333,0.4163332,18.5,18.6,18.6,18.56666667,0.057735027,18.8,19.2,18.9,18.96666667,0.2081666,Sample weigth: 5.04g. Temperature weight: 5.66g.
MZS25_002.1,DRY SOIL,Light,2.8,0.416666667,,28/12/2025,20:10:00,4,4,MZS_018,19.5,20,19.4,19.63333333,0.321455025,19.8,19.7,20,19.83333333,0.152752523,20,20.4,20.4,20.26666667,0.230940108,Sample weigth: 5.04g. Temperature weight: 5.66g.
MZS25_002.1,DRY SOIL,Light,3.7,1,,28/12/2025,20:45:00,4,4,MZS_018,19.6,19.7,19.5,19.6,0.1,19.7,19.3,19.5,19.5,0.2,19.6,20.4,20.4,20.13333333,0.461880215,Sample weigth: 5.04g. Temperature weight: 5.66g.
MZS25_002.1,DRY SOIL,Light,4.8,1.95,,28/12/2025,21:42:00,4,4,MZS_018,19.6,19.7,19.8,19.7,0.1,19.3,19.2,19.4,19.3,0.1,19.7,19.5,19.9,19.7,0.2,Sample weigth: 5.04g. Temperature weight: 5.66g.
MZS25_002.1,DRY SOIL,Light,3.8,4.916666667,,29/12/2025,00:40:00,4,4,MZS_018,19.4,19.2,19.1,19.23333333,0.152752523,19,19.3,19.4,19.23333333,0.2081666,20,20.2,20.2,20.13333333,0.115470054,Sample weigth: 5.04g. Temperature weight: 5.66g.
MZS25_002.1,DRY SOIL,Light,6.7,0,,28/12/2025,19:45:00,5,5,MZS_019,17.8,17.9,17.9,17.86666667,0.057735027,18.1,18.3,18.5,18.3,0.2,19.4,19.6,19.6,19.53333333,0.115470054,Sample weight: 5.22g. Temperature weight: 5.66g.
MZS25_002.1,DRY SOIL,Light,2.8,0.416666667,,28/12/2025,20:10:00,5,5,MZS_019,19.5,19.6,19.4,19.5,0.1,19.3,19.5,19.6,19.46666667,0.152752523,19.7,20,20,19.9,0.173205081,Sample weight: 5.22g. Temperature weight: 5.66g.
MZS25_002.1,DRY SOIL,Light,3.7,1,,28/12/2025,20:45:00,5,5,MZS_019,18.8,18.9,18.9,18.86666667,0.057735027,19.5,19.6,19.7,19.6,0.1,19.9,20,20.1,20,0.1,Sample weight: 5.22g. Temperature weight: 5.66g.
MZS25_002.1,DRY SOIL,Light,4.8,1.95,,28/12/2025,21:42:00,5,5,MZS_019,19,19.1,19.2,19.1,0.1,18.9,19,19.1,19,0.1,19.5,19.6,19.8,19.63333333,0.152752523,Sample weight: 5.22g. Temperature weight: 5.66g.
MZS25_002.1,DRY SOIL,Light,4.7,4.916666667,,29/12/2025,00:40:00,5,5,MZS_019,20.6,20.8,20.8,20.73333333,0.115470054,20.2,20.4,20.5,20.36666667,0.152752523,20.1,20.3,20.4,20.26666667,0.152752523,Sample weight: 5.22g. Temperature weight: 5.66g.
MZS25_002.1,DRY SOIL,Dark,6.7,0,,28/12/2025,19:35:00,7,1,MZS_020,18.4,18.5,18.5,18.46666667,0.057735027,18.9,19,18.9,18.93333333,0.057735027,19.4,19.5,19.4,19.43333333,0.057735027,Sample weight: 5.29g. Temperature weight: 4.96g.
MZS25_002.1,DRY SOIL,Dark,3.2,0.416666667,,28/12/2025,20:00:00,7,1,MZS_020,18.9,18.9,19,18.93333333,0.057735027,19.4,19.5,19.6,19.5,0.1,20,20.9,21,20.63333333,0.550757055,Sample weight: 5.29g. Temperature weight: 4.96g.
MZS25_002.1,DRY SOIL,Dark,3.8,1,,28/12/2025,20:35:00,7,1,MZS_020,18.8,19.1,19.1,19,0.173205081,19.3,19.7,19.8,19.6,0.264575131,19.5,19.9,20.1,19.83333333,0.305505046,Sample weight: 5.29g. Temperature weight: 4.96g.
MZS25_002.1,DRY SOIL,Dark,3.7,2,,28/12/2025,21:35:00,7,1,MZS_020,19.7,20.1,20,19.93333333,0.2081666,19.9,20,20,19.96666667,0.057735027,20.1,20.3,20.3,20.23333333,0.115470054,Sample weight: 5.29g. Temperature weight: 4.96g.
MZS25_002.1,DRY SOIL,Dark,3.8,5.25,,29/12/2025,00:50:00,7,1,MZS_020,19.4,19.7,19.7,19.6,0.173205081,19.3,19.8,19.7,19.6,0.264575131,19.7,20.1,20.2,20,0.264575131,Sample weight: 5.29g. Temperature weight: 4.96g.
MZS25_002.1,DRY SOIL,Dark,6.7,0,,28/12/2025,19:35:00,8,2,MZS_021,19.8,19.9,19.8,19.83333333,0.057735027,19.1,19.4,19.4,19.3,0.173205081,19.8,19.9,19.9,19.86666667,0.057735027,Sample weight: 5.04g. Temperature weight: 4.96g.
MZS25_002.1,DRY SOIL,Dark,3.2,0.416666667,,28/12/2025,20:00:00,8,2,MZS_021,19.4,19.6,19.6,19.53333333,0.115470054,20,20,20.1,20.03333333,0.057735027,20,20.6,20.8,20.46666667,0.4163332,Sample weight: 5.04g. Temperature weight: 4.96g.
MZS25_002.1,DRY SOIL,Dark,3.8,1,,28/12/2025,20:35:00,8,2,MZS_021,20.6,20.6,20.6,20.6,0,20.3,20.5,20.6,20.46666667,0.152752523,20.9,21,21,20.96666667,0.057735027,Sample weight: 5.04g. Temperature weight: 4.96g.
MZS25_002.1,DRY SOIL,Dark,3.7,2,,28/12/2025,21:35:00,8,2,MZS_021,20,20.2,20.2,20.13333333,0.115470054,20.7,20.7,20.8,20.73333333,0.057735027,21.2,21.3,21.2,21.23333333,0.057735027,Sample weight: 5.04g. Temperature weight: 4.96g.
MZS25_002.1,DRY SOIL,Dark,3.8,5.25,,29/12/2025,00:50:00,8,2,MZS_021,20.2,20.3,20.4,20.3,0.1,20.3,20.6,20.6,20.5,0.173205081,20.6,21.1,21.3,21,0.360555128,Sample weight: 5.04g. Temperature weight: 4.96g.
MZS25_002.1,DRY SOIL,Dark,6.7,0,,28/12/2025,19:35:00,9,3,MZS_022,19.9,18.9,18.9,19.23333333,0.577350269,19.2,19.3,19.3,19.26666667,0.057735027,19.5,19.6,19.7,19.6,0.1,Sample weight: 5.05g. Temperature weight: 4.96g.
MZS25_002.1,DRY SOIL,Dark,3.2,0.416666667,,28/12/2025,20:00:00,9,3,MZS_022,20,20.2,20.2,20.13333333,0.115470054,20,20.2,20.2,20.13333333,0.115470054,20.2,20.2,20.2,20.2,0,Sample weight: 5.05g. Temperature weight: 4.96g.
MZS25_002.1,DRY SOIL,Dark,3.8,1,,28/12/2025,20:35:00,9,3,MZS_022,19.2,19.1,19.1,19.13333333,0.057735027,19.1,19.4,19.5,19.33333333,0.2081666,19.5,19.8,19.7,19.66666667,0.152752523,Sample weight: 5.05g. Temperature weight: 4.96g.
MZS25_002.1,DRY SOIL,Dark,3.7,2,,28/12/2025,21:35:00,9,3,MZS_022,19.9,19.8,19.7,19.8,0.1,20.3,20.3,20.2,20.26666667,0.057735027,20.4,20.7,20.7,20.6,0.173205081,Sample weight: 5.05g. Temperature weight: 4.96g.
MZS25_002.1,DRY SOIL,Dark,3.8,5.25,,29/12/2025,00:50:00,9,3,MZS_022,18.6,18.8,18.8,18.73333333,0.115470054,19.3,19.6,19.7,19.53333333,0.2081666,20.2,20.3,20.4,20.3,0.1,Sample weight: 5.05g. Temperature weight: 4.96g.
MZS25_002.1,DRY SOIL,Dark,6.7,0,,28/12/2025,19:35:00,10,4,MZS_023,18.6,18.4,18.4,18.46666667,0.115470054,18.4,14.6,18.7,17.23333333,2.285461296,19.3,19.6,19.7,19.53333333,0.2081666,Sample weight: 5.04g. Temperature weight: 4.96g.
MZS25_002.1,DRY SOIL,Dark,3.2,0.416666667,,28/12/2025,20:00:00,10,4,MZS_023,18.9,19.1,19.2,19.06666667,0.152752523,19.2,19.5,19.5,19.4,0.173205081,19.5,19.7,19.6,19.6,0.1,Sample weight: 5.04g. Temperature weight: 4.96g.
MZS25_002.1,DRY SOIL,Dark,3.8,1,,28/12/2025,20:35:00,10,4,MZS_023,18.9,19,18.9,18.93333333,0.057735027,19,19.2,19.4,19.2,0.2,20.1,20.2,20.2,20.16666667,0.057735027,Sample weight: 5.04g. Temperature weight: 4.96g.
MZS25_002.1,DRY SOIL,Dark,3.7,2,,28/12/2025,21:35:00,10,4,MZS_023,19.5,19.4,19.4,19.43333333,0.057735027,19.7,19.8,19.8,19.76666667,0.057735027,20.2,20.3,20.2,20.23333333,0.057735027,Sample weight: 5.04g. Temperature weight: 4.96g.
MZS25_002.1,DRY SOIL,Dark,3.8,5.25,,29/12/2025,00:50:00,10,4,MZS_023,19.7,20.1,20.1,19.96666667,0.230940108,19.5,19.6,19.5,19.53333333,0.057735027,,,,,,Sample weight: 5.04g. Temperature weight: 4.96g.
MZS25_002.1,DRY SOIL,Dark,6.7,0,,28/12/2025,19:35:00,11,5,MZS_024,19.6,19.8,19.7,19.7,0.1,19.9,20,20.1,20,0.1,20.7,21.2,21.3,21.06666667,0.321455025,Sample weight: 4.93g. Temperature weight: 4.96g.
MZS25_002.1,DRY SOIL,Dark,3.2,0.416666667,,28/12/2025,20:00:00,11,5,MZS_024,20,20.1,20.1,20.06666667,0.057735027,20,20.1,20.4,20.16666667,0.2081666,20.7,20.9,20.8,20.8,0.1,Sample weight: 4.93g. Temperature weight: 4.96g.
MZS25_002.1,DRY SOIL,Dark,3.8,1,,28/12/2025,20:35:00,11,5,MZS_024,19.7,19.9,20,19.86666667,0.152752523,20.9,20.3,20.4,20.53333333,0.321455025,20.8,20.9,21,20.9,0.1,Sample weight: 4.93g. Temperature weight: 4.96g.
MZS25_002.1,DRY SOIL,Dark,3.7,2,,28/12/2025,21:35:00,11,5,MZS_024,20.3,20.4,20.3,20.33333333,0.057735027,20.2,20.7,20.7,20.53333333,0.288675135,21.2,21.3,21.4,21.3,0.1,Sample weight: 4.93g. Temperature weight: 4.96g.
MZS25_002.1,DRY SOIL,Dark,3.8,5.25,,29/12/2025,00:50:00,11,5,MZS_024,20.3,20.8,20.8,20.63333333,0.288675135,20.4,20.8,20.9,20.7,0.264575131,20.8,21.1,21.1,21,0.173205081,Sample weight: 4.93g. Temperature weight: 4.96g.
MZS25_002.1II,DRY SOIL,Light,7.5,0,,30/12/2025,10:05:00,1,1,MZS25_035,18.7,20,20,19.56666667,0.75055535,21.2,21.3,21.4,21.3,0.1,,,,,,Sample weight: 5.15g. Temperature weight: 5.13g.
MZS25_002.1II,DRY SOIL,Light,6.8,0.283333333,,30/12/2025,10:22:00,1,1,MZS25_035,17.8,18.1,18.2,18.03333333,0.2081666,17.8,18.1,18.3,18.06666667,0.251661148,,,,,,Sample weight: 5.15g. Temperature weight: 5.13g.
MZS25_002.1II,DRY SOIL,Light,4.4,0.7,,30/12/2025,10:47:00,1,1,MZS25_035,18.5,18.9,18.9,18.76666667,0.230940108,18.8,18.8,18.8,18.8,0,,,,,,Sample weight: 5.15g. Temperature weight: 5.13g.
MZS25_002.1II,DRY SOIL,Light,4.4,1.416666667,,30/12/2025,11:30:00,1,1,MZS25_035,19.6,19.7,19.6,19.63333333,0.057735027,19.2,19.3,19.4,19.3,0.1,,,,,,Sample weight: 5.15g. Temperature weight: 5.13g.
MZS25_002.1II,DRY SOIL,Light,4.1,2.416666667,,30/12/2025,12:30:00,1,1,MZS25_035,17.8,18.3,18.4,18.16666667,0.321455025,18.5,18.6,18.8,18.63333333,0.152752523,,,,,,Sample weight: 5.15g. Temperature weight: 5.13g.
MZS25_002.1II,DRY SOIL,Light,5.6,4.416666667,,30/12/2025,14:30:00,1,1,MZS25_035,19.4,19.8,20,19.73333333,0.305505046,19.7,19.7,19.8,19.73333333,0.057735027,,,,,,Sample weight: 5.15g. Temperature weight: 5.13g.
MZS25_002.1II,DRY SOIL,Light,5.8,6.916666667,,30/12/2025,17:00:00,1,1,MZS25_035,19.1,19.3,19.4,19.26666667,0.152752523,20.2,20.3,20.2,20.23333333,0.057735027,,,,,,Sample weight: 5.15g. Temperature weight: 5.13g.
MZS25_002.1II,DRY SOIL,Light,4,10.91666667,,30/12/2025,21:00:00,1,1,MZS25_035,19.2,19.3,19.4,19.3,0.1,19.9,20,20.2,20.03333333,0.152752523,,,,,,Sample weight: 5.15g. Temperature weight: 5.13g.
MZS25_002.1II,DRY SOIL,Light,7.5,0,,30/12/2025,10:05:00,2,2,MZS25_036,19.6,19.8,19.8,19.73333333,0.115470054,21,21.1,21.1,21.06666667,0.057735027,,,,,,Sample weight: 4.80g. Temperature weight: 5.13g.
MZS25_002.1II,DRY SOIL,Light,6.8,0.283333333,,30/12/2025,10:22:00,2,2,MZS25_036,17.8,18.1,18.2,18.03333333,0.2081666,18.6,19,19,18.86666667,0.230940108,,,,,,Sample weight: 4.80g. Temperature weight: 5.13g.
MZS25_002.1II,DRY SOIL,Light,4.4,0.7,,30/12/2025,10:47:00,2,2,MZS25_036,19.1,19.2,19.4,19.23333333,0.152752523,19.6,19.6,19.7,19.63333333,0.057735027,,,,,,Sample weight: 4.80g. Temperature weight: 5.13g.
MZS25_002.1II,DRY SOIL,Light,4.4,1.416666667,,30/12/2025,11:30:00,2,2,MZS25_036,19,19.1,19.2,19.1,0.1,19,19.3,19.3,19.2,0.173205081,,,,,,Sample weight: 4.80g. Temperature weight: 5.13g.
MZS25_002.1II,DRY SOIL,Light,4.1,2.416666667,,30/12/2025,12:30:00,2,2,MZS25_036,18.8,18.7,18.9,18.8,0.1,19,18.9,19.1,19,0.1,,,,,,Sample weight: 4.80g. Temperature weight: 5.13g.
MZS25_002.1II,DRY SOIL,Light,5.6,4.416666667,,30/12/2025,14:30:00,2,2,MZS25_036,19.8,19.8,19.9,19.83333333,0.057735027,19.1,19.5,19.5,19.36666667,0.230940108,,,,,,Sample weight: 4.80g. Temperature weight: 5.13g.
MZS25_002.1II,DRY SOIL,Light,5.8,6.916666667,,30/12/2025,17:00:00,2,2,MZS25_036,19.1,19.3,19.2,19.2,0.1,20.2,20.3,20.3,20.26666667,0.057735027,,,,,,Sample weight: 4.80g. Temperature weight: 5.13g.
MZS25_002.1II,DRY SOIL,Light,4,10.91666667,,30/12/2025,21:00:00,2,2,MZS25_036,20,20.3,20.3,20.2,0.173205081,21.1,21.1,21,21.06666667,0.057735027,,,,,,Sample weight: 4.80g. Temperature weight: 5.13g.
MZS25_002.1II,DRY SOIL,Light,7.5,0,,30/12/2025,10:05:00,3,3,MZS25_037,18.5,18.8,18.9,18.73333333,0.2081666,20.2,20.5,20.4,20.36666667,0.152752523,,,,,,Sample weight: 4.63g. Temperature weight: 5.13g.
MZS25_002.1II,DRY SOIL,Light,6.8,0.283333333,,30/12/2025,10:22:00,3,3,MZS25_037,17.6,17.7,17.7,17.66666667,0.057735027,18.4,18.6,18.7,18.56666667,0.152752523,,,,,,Sample weight: 4.63g. Temperature weight: 5.13g.
MZS25_002.1II,DRY SOIL,Light,4.4,0.7,,30/12/2025,10:47:00,3,3,MZS25_037,18.3,18.4,18.5,18.4,0.1,19,19.1,19.1,19.06666667,0.057735027,,,,,,Sample weight: 4.63g. Temperature weight: 5.13g.
MZS25_002.1II,DRY SOIL,Light,4.4,1.416666667,,30/12/2025,11:30:00,3,3,MZS25_037,18.5,18.8,18.9,18.73333333,0.2081666,19.4,19.6,19.6,19.53333333,0.115470054,,,,,,Sample weight: 4.63g. Temperature weight: 5.13g.
MZS25_002.1II,DRY SOIL,Light,4.1,2.416666667,,30/12/2025,12:30:00,3,3,MZS25_037,18.3,18.5,18.7,18.5,0.2,18.7,18.8,18.9,18.8,0.1,,,,,,Sample weight: 4.63g. Temperature weight: 5.13g.
MZS25_002.1II,DRY SOIL,Light,5.6,4.416666667,,30/12/2025,14:30:00,3,3,MZS25_037,18.1,18.3,18.8,18.4,0.360555128,18.7,18.7,18.7,18.7,0,,,,,,Sample weight: 4.63g. Temperature weight: 5.13g.
MZS25_002.1II,DRY SOIL,Light,5.8,6.916666667,,30/12/2025,17:00:00,3,3,MZS25_037,18.6,19,19.3,18.96666667,0.351188458,19.8,19.9,20,19.9,0.1,,,,,,Sample weight: 4.63g. Temperature weight: 5.13g.
MZS25_002.1II,DRY SOIL,Light,4,10.91666667,,30/12/2025,21:00:00,3,3,MZS25_037,19.3,19.5,19.6,19.46666667,0.152752523,21,21,21.3,21.1,0.173205081,,,,,,Sample weight: 4.63g. Temperature weight: 5.13g.
MZS25_002.1II,DRY SOIL,Light,7.5,0,,30/12/2025,10:05:00,4,4,MZS25_038,19.9,20.1,20.2,20.06666667,0.152752523,20.5,21.6,21.7,21.26666667,0.665832812,,,,,,Sample weight: 5.45g. Temperature weight: 5.13g.
MZS25_002.1II,DRY SOIL,Light,6.8,0.283333333,,30/12/2025,10:22:00,4,4,MZS25_038,18.9,19.3,19.5,19.23333333,0.305505046,19.4,19.8,19.9,19.7,0.264575131,,,,,,Sample weight: 5.45g. Temperature weight: 5.13g.
MZS25_002.1II,DRY SOIL,Light,4.4,0.7,,30/12/2025,10:47:00,4,4,MZS25_038,19.4,19.5,19.5,19.46666667,0.057735027,19.6,19.8,19.9,19.76666667,0.152752523,,,,,,Sample weight: 5.45g. Temperature weight: 5.13g.
MZS25_002.1II,DRY SOIL,Light,4.4,1.416666667,,30/12/2025,11:30:00,4,4,MZS25_038,19.7,19.9,19.9,19.83333333,0.115470054,20.2,20.2,20.3,20.23333333,0.057735027,,,,,,Sample weight: 5.45g. Temperature weight: 5.13g.
MZS25_002.1II,DRY SOIL,Light,4.1,2.416666667,,30/12/2025,12:30:00,4,4,MZS25_038,19.7,19.9,20,19.86666667,0.152752523,19.8,19.9,20,19.9,0.1,,,,,,Sample weight: 5.45g. Temperature weight: 5.13g.
MZS25_002.1II,DRY SOIL,Light,5.6,4.416666667,,30/12/2025,14:30:00,4,4,MZS25_038,18.8,18.9,19,18.9,0.1,19.2,19.4,19.5,19.36666667,0.152752523,,,,,,Sample weight: 5.45g. Temperature weight: 5.13g.
MZS25_002.1II,DRY SOIL,Light,5.8,6.916666667,,30/12/2025,17:00:00,4,4,MZS25_038,19.7,20,20.1,19.93333333,0.2081666,20,20.1,20.1,20.06666667,0.057735027,,,,,,Sample weight: 5.45g. Temperature weight: 5.13g.
MZS25_002.1II,DRY SOIL,Light,4,10.91666667,,30/12/2025,21:00:00,4,4,MZS25_038,20.8,20.9,21,20.9,0.1,22,22,22,22,0,,,,,,Sample weight: 5.45g. Temperature weight: 5.13g.
MZS25_002.1II,DRY SOIL,Dark,7.5,0,,30/12/2025,10:05:00,6,1,MZS25_039,19.7,19.9,19.8,19.8,0.1,21.7,21.7,21.7,21.7,0,,,,,,Sample weight: 4.63g. Temperature weight: 5.12g.
MZS25_002.1II,DRY SOIL,Dark,6.8,0.283333333,,30/12/2025,10:22:00,6,1,MZS25_039,17.6,18.4,18.4,18.13333333,0.461880215,18.8,19,19,18.93333333,0.115470054,,,,,,Sample weight: 4.63g. Temperature weight: 5.12g.
MZS25_002.1II,DRY SOIL,Dark,5.2,0.7,,30/12/2025,10:47:00,6,1,MZS25_039,19.1,19.2,19.2,19.16666667,0.057735027,19.3,19.3,19.4,19.33333333,0.057735027,,,,,,Sample weight: 4.63g. Temperature weight: 5.12g.
MZS25_002.1II,DRY SOIL,Dark,4.1,1.416666667,,30/12/2025,11:30:00,6,1,MZS25_039,19,19.2,19.2,19.13333333,0.115470054,19.8,20,20.1,19.96666667,0.152752523,,,,,,Sample weight: 4.63g. Temperature weight: 5.12g.
MZS25_002.1II,DRY SOIL,Dark,3.4,2.416666667,,30/12/2025,12:30:00,6,1,MZS25_039,19.5,19.9,20.1,19.83333333,0.305505046,19.2,19.4,19.6,19.4,0.2,,,,,,Sample weight: 4.63g. Temperature weight: 5.12g.
MZS25_002.1II,DRY SOIL,Dark,4.3,4.416666667,,30/12/2025,14:30:00,6,1,MZS25_039,20.1,20.3,20.4,20.26666667,0.152752523,19.4,19.4,19.6,19.46666667,0.115470054,,,,,,Sample weight: 4.63g. Temperature weight: 5.12g.
MZS25_002.1II,DRY SOIL,Dark,4.8,6.916666667,,30/12/2025,17:00:00,6,1,MZS25_039,19.5,19.7,19.7,19.63333333,0.115470054,19.2,19.3,19.3,19.26666667,0.057735027,,,,,,Sample weight: 4.63g. Temperature weight: 5.12g.
MZS25_002.1II,DRY SOIL,Dark,5,10.91666667,,30/12/2025,21:00:00,6,1,MZS25_039,19.6,19.8,20,19.8,0.2,19.3,19.4,19.5,19.4,0.1,,,,,,Sample weight: 4.63g. Temperature weight: 5.12g.
MZS25_002.1II,DRY SOIL,Dark,7.5,0,,30/12/2025,10:05:00,7,2,MZS25_040,19.7,19.8,19.9,19.8,0.1,20.9,20.8,20.8,20.83333333,0.057735027,,,,,,Sample weight: 5.32g. Temperature weight: 5.12g.
MZS25_002.1II,DRY SOIL,Dark,6.8,0.283333333,,30/12/2025,10:22:00,7,2,MZS25_040,18.2,18.5,18.8,18.5,0.3,18.2,18.3,18.4,18.3,0.1,,,,,,Sample weight: 5.32g. Temperature weight: 5.12g.
MZS25_002.1II,DRY SOIL,Dark,5.2,0.7,,30/12/2025,10:47:00,7,2,MZS25_040,20.6,20.9,20.9,20.8,0.173205081,19.7,19.8,19.8,19.76666667,0.057735027,,,,,,Sample weight: 5.32g. Temperature weight: 5.12g.
MZS25_002.1II,DRY SOIL,Dark,4.1,1.416666667,,30/12/2025,11:30:00,7,2,MZS25_040,19.3,19.7,19.8,19.6,0.264575131,19.5,19.6,19.7,19.6,0.1,,,,,,Sample weight: 5.32g. Temperature weight: 5.12g.
MZS25_002.1II,DRY SOIL,Dark,3.4,2.416666667,,30/12/2025,12:30:00,7,2,MZS25_040,19.2,19.5,19.5,19.4,0.173205081,19,19,19.2,19.06666667,0.115470054,,,,,,Sample weight: 5.32g. Temperature weight: 5.12g.
MZS25_002.1II,DRY SOIL,Dark,4.3,4.416666667,,30/12/2025,14:30:00,7,2,MZS25_040,19,19.4,19.5,19.3,0.264575131,18.8,19,19,18.93333333,0.115470054,,,,,,Sample weight: 5.32g. Temperature weight: 5.12g.
MZS25_002.1II,DRY SOIL,Dark,4.8,6.916666667,,30/12/2025,17:00:00,7,2,MZS25_040,19.2,19.5,19.6,19.43333333,0.2081666,18.7,18.9,18.9,18.83333333,0.115470054,,,,,,Sample weight: 5.32g. Temperature weight: 5.12g.
MZS25_002.1II,DRY SOIL,Dark,5,10.91666667,,30/12/2025,21:00:00,7,2,MZS25_040,19,19.2,19.4,19.2,0.2,18.7,19.1,19.2,19,0.264575131,,,,,,Sample weight: 5.32g. Temperature weight: 5.12g.
MZS25_002.1II,DRY SOIL,Dark,7.5,0,,30/12/2025,10:05:00,8,3,MZS25_041,18.6,18.7,18.7,18.66666667,0.057735027,19.8,19.9,20.1,19.93333333,0.152752523,,,,,,Sample weight: 5.70g. Temperature weight: 5.12g.
MZS25_002.1II,DRY SOIL,Dark,6.8,0.283333333,,30/12/2025,10:22:00,8,3,MZS25_041,18.4,18.5,18.5,18.46666667,0.057735027,18.6,18.6,18.7,18.63333333,0.057735027,,,,,,Sample weight: 5.70g. Temperature weight: 5.12g.
MZS25_002.1II,DRY SOIL,Dark,5.2,0.7,,30/12/2025,10:47:00,8,3,MZS25_041,19.1,19.1,19.1,19.1,0,19.5,19.6,19.6,19.56666667,0.057735027,,,,,,Sample weight: 5.70g. Temperature weight: 5.12g.
MZS25_002.1II,DRY SOIL,Dark,4.1,1.416666667,,30/12/2025,11:30:00,8,3,MZS25_041,19.2,19.2,19.3,19.23333333,0.057735027,19.9,20,20.1,20,0.1,,,,,,Sample weight: 5.70g. Temperature weight: 5.12g.
MZS25_002.1II,DRY SOIL,Dark,3.4,2.416666667,,30/12/2025,12:30:00,8,3,MZS25_041,19.4,19.6,19.7,19.56666667,0.152752523,19.3,19.3,19.4,19.33333333,0.057735027,,,,,,Sample weight: 5.70g. Temperature weight: 5.12g.
MZS25_002.1II,DRY SOIL,Dark,4.3,4.416666667,,30/12/2025,14:30:00,8,3,MZS25_041,18.6,18.7,18.8,18.7,0.1,18.8,19,19.1,18.96666667,0.152752523,,,,,,Sample weight: 5.70g. Temperature weight: 5.12g.
MZS25_002.1II,DRY SOIL,Dark,4.8,6.916666667,,30/12/2025,17:00:00,8,3,MZS25_041,19.5,19.7,19.8,19.66666667,0.152752523,19.4,19.5,19.5,19.46666667,0.057735027,,,,,,Sample weight: 5.70g. Temperature weight: 5.12g.
MZS25_002.1II,DRY SOIL,Dark,5,10.91666667,,30/12/2025,21:00:00,8,3,MZS25_041,19.1,19.3,19.5,19.3,0.2,19.1,19.1,19,19.06666667,0.057735027,,,,,,Sample weight: 5.70g. Temperature weight: 5.12g.
MZS25_002.1II,DRY SOIL,Dark,7.5,0,,30/12/2025,10:05:00,9,4,MZS25_042,20.1,20.3,20.4,20.26666667,0.152752523,21.2,21.4,21.4,21.33333333,0.115470054,,,,,,Sample weight: 4.75g. Temperature weight: 5.12g.
MZS25_002.1II,DRY SOIL,Dark,6.8,0.283333333,,30/12/2025,10:22:00,9,4,MZS25_042,18.9,19,18.9,18.93333333,0.057735027,19.2,19.3,19.4,19.3,0.1,,,,,,Sample weight: 4.75g. Temperature weight: 5.12g.
MZS25_002.1II,DRY SOIL,Dark,5.2,0.7,,30/12/2025,10:47:00,9,4,MZS25_042,19.6,19.6,19.7,19.63333333,0.057735027,20,20,20,20,0,,,,,,Sample weight: 4.75g. Temperature weight: 5.12g.
MZS25_002.1II,DRY SOIL,Dark,4.1,1.416666667,,30/12/2025,11:30:00,9,4,MZS25_042,19.4,19.7,19.9,19.66666667,0.251661148,20.4,20.4,20.4,20.4,0,,,,,,Sample weight: 4.75g. Temperature weight: 5.12g.
MZS25_002.1II,DRY SOIL,Dark,3.4,2.416666667,,30/12/2025,12:30:00,9,4,MZS25_042,19.5,19.6,19.7,19.6,0.1,19.9,20,20.1,20,0.1,,,,,,Sample weight: 4.75g. Temperature weight: 5.12g.
MZS25_002.1II,DRY SOIL,Dark,4.3,4.416666667,,30/12/2025,14:30:00,9,4,MZS25_042,18.9,19.1,19.3,19.1,0.2,19.2,19.3,19.3,19.26666667,0.057735027,,,,,,Sample weight: 4.75g. Temperature weight: 5.12g.
MZS25_002.1II,DRY SOIL,Dark,4.8,6.916666667,,30/12/2025,17:00:00,9,4,MZS25_042,20.2,20.3,20.2,20.23333333,0.057735027,19.9,19.9,19.9,19.9,0,,,,,,Sample weight: 4.75g. Temperature weight: 5.12g.
MZS25_002.1II,DRY SOIL,Dark,5,10.91666667,,30/12/2025,21:00:00,9,4,MZS25_042,19.2,19.4,19.6,19.4,0.2,20,20,20,20,0,,,,,,Sample weight: 4.75g. Temperature weight: 5.12g.
MZS25_002.2II,WET SOIL,Light,5.7,0,,30/12/2025,10:05:00,11,1,MZS25_043,17.8,17.9,17.7,17.8,0.1,21.2,21.1,21.2,21.16666667,0.057735027,,,,,,Sample weight: 4.75g. Filtered MiliQ: 1.5 mL. Temperature weight: 4.78g.
MZS25_002.2II,WET SOIL,Light,1.1,0.283333333,,30/12/2025,10:22:00,11,1,MZS25_043,18.7,18.9,18.9,18.83333333,0.115470054,21.4,21.6,21.7,21.56666667,0.152752523,,,,,,Sample weight: 4.75g. Filtered MiliQ: 1.5 mL. Temperature weight: 4.78g.
MZS25_002.2II,WET SOIL,Light,0.7,0.7,,30/12/2025,10:47:00,11,1,MZS25_043,19.3,19.4,19.5,19.4,0.1,21.7,21.7,21.8,21.73333333,0.057735027,,,,,,Sample weight: 4.75g. Filtered MiliQ: 1.5 mL. Temperature weight: 4.78g.
MZS25_002.2II,WET SOIL,Light,0.8,1.416666667,,30/12/2025,11:30:00,11,1,MZS25_043,21.2,21.3,21.4,21.3,0.1,23.7,23.8,23.9,23.8,0.1,,,,,,Sample weight: 4.75g. Filtered MiliQ: 1.5 mL. Temperature weight: 4.78g.
MZS25_002.2II,WET SOIL,Light,2,2.416666667,,30/12/2025,12:30:00,11,1,MZS25_043,18.6,18.4,18.5,18.5,0.1,20.6,20.7,20.8,20.7,0.1,,,,,,Sample weight: 4.75g. Filtered MiliQ: 1.5 mL. Temperature weight: 4.78g.
MZS25_002.2II,WET SOIL,Light,2.2,4.416666667,,30/12/2025,14:30:00,11,1,MZS25_043,15.9,16,16.3,16.06666667,0.2081666,20.3,20.4,20.4,20.36666667,0.057735027,,,,,,Sample weight: 4.75g. Filtered MiliQ: 1.5 mL. Temperature weight: 4.78g.
MZS25_002.2II,WET SOIL,Light,1.4,6.916666667,,30/12/2025,17:00:00,11,1,MZS25_043,16.5,16.8,16.8,16.7,0.173205081,20.9,21.2,21.4,21.16666667,0.251661148,,,,,,Sample weight: 4.75g. Filtered MiliQ: 1.5 mL. Temperature weight: 4.78g.
MZS25_002.2II,WET SOIL,Light,2,10.91666667,,30/12/2025,21:00:00,11,1,MZS25_043,16.7,16.6,16.6,16.63333333,0.057735027,22,22.1,22.1,22.06666667,0.057735027,,,,,,Sample weight: 4.75g. Filtered MiliQ: 1.5 mL. Temperature weight: 4.78g.
MZS25_002.2II,WET SOIL,Light,5.7,0,,30/12/2025,10:05:00,12,2,MZS25_044,19.1,19.1,19.3,19.16666667,0.115470054,21.5,21.5,21.5,21.5,0,,,,,,Sample weight: 5.49g. Filtered MiliQ: 1.5 mL. Temperature weight: 4.78g.
MZS25_002.2II,WET SOIL,Light,1.1,0.283333333,,30/12/2025,10:22:00,12,2,MZS25_044,18.8,18.9,19,18.9,0.1,21.1,21.2,21.2,21.16666667,0.057735027,,,,,,Sample weight: 5.49g. Filtered MiliQ: 1.5 mL. Temperature weight: 4.78g.
MZS25_002.2II,WET SOIL,Light,0.7,0.7,,30/12/2025,10:47:00,12,2,MZS25_044,18.5,18.6,18.7,18.6,0.1,21.1,21.3,21.3,21.23333333,0.115470054,,,,,,Sample weight: 5.49g. Filtered MiliQ: 1.5 mL. Temperature weight: 4.78g.
MZS25_002.2II,WET SOIL,Light,0.8,1.416666667,,30/12/2025,11:30:00,12,2,MZS25_044,18.7,18.7,18.8,18.73333333,0.057735027,21.5,21.5,21.6,21.53333333,0.057735027,,,,,,Sample weight: 5.49g. Filtered MiliQ: 1.5 mL. Temperature weight: 4.78g.
MZS25_002.2II,WET SOIL,Light,2,2.416666667,,30/12/2025,12:30:00,12,2,MZS25_044,17.4,17.6,17.6,17.53333333,0.115470054,19.9,19.9,20,19.93333333,0.057735027,,,,,,Sample weight: 5.49g. Filtered MiliQ: 1.5 mL. Temperature weight: 4.78g.
MZS25_002.2II,WET SOIL,Light,2.2,4.416666667,,30/12/2025,14:30:00,12,2,MZS25_044,15.3,15.4,15.6,15.43333333,0.152752523,20.3,20.6,20.7,20.53333333,0.2081666,,,,,,Sample weight: 5.49g. Filtered MiliQ: 1.5 mL. Temperature weight: 4.78g.
MZS25_002.2II,WET SOIL,Light,1.4,6.916666667,,30/12/2025,17:00:00,12,2,MZS25_044,15.5,15.8,15.9,15.73333333,0.2081666,21.5,21.6,21.7,21.6,0.1,,,,,,Sample weight: 5.49g. Filtered MiliQ: 1.5 mL. Temperature weight: 4.78g.
MZS25_002.2II,WET SOIL,Light,2,10.91666667,,30/12/2025,21:00:00,12,2,MZS25_044,15.5,15.7,15.8,15.66666667,0.152752523,22,22,22.1,22.03333333,0.057735027,,,,,,Sample weight: 5.49g. Filtered MiliQ: 1.5 mL. Temperature weight: 4.78g.
MZS25_002.2II,WET SOIL,Light,5.7,0,,30/12/2025,10:05:00,13,3,MZS25_045,17.4,17.3,17.2,17.3,0.1,19.9,20.1,20.1,20.03333333,0.115470054,,,,,,Sample weight: 5.12g. Filtered MiliQ: 1.5 mL. Temperature weight: 4.78g.
MZS25_002.2II,WET SOIL,Light,1.1,0.283333333,,30/12/2025,10:22:00,13,3,MZS25_045,18.4,18.6,18.6,18.53333333,0.115470054,21.3,21.3,21.4,21.33333333,0.057735027,,,,,,Sample weight: 5.12g. Filtered MiliQ: 1.5 mL. Temperature weight: 4.78g.
MZS25_002.2II,WET SOIL,Light,0.7,0.7,,30/12/2025,10:47:00,13,3,MZS25_045,17.9,17.9,18,17.93333333,0.057735027,20.2,20.3,20.4,20.3,0.1,,,,,,Sample weight: 5.12g. Filtered MiliQ: 1.5 mL. Temperature weight: 4.78g.
MZS25_002.2II,WET SOIL,Light,0.8,1.416666667,,30/12/2025,11:30:00,13,3,MZS25_045,18.7,18.7,18.8,18.73333333,0.057735027,21.6,21.8,22,21.8,0.2,,,,,,Sample weight: 5.12g. Filtered MiliQ: 1.5 mL. Temperature weight: 4.78g.
MZS25_002.2II,WET SOIL,Light,2,2.416666667,,30/12/2025,12:30:00,13,3,MZS25_045,17.2,17.4,17.4,17.33333333,0.115470054,19.5,19.6,19.7,19.6,0.1,,,,,,Sample weight: 5.12g. Filtered MiliQ: 1.5 mL. Temperature weight: 4.78g.
MZS25_002.2II,WET SOIL,Light,2.2,4.416666667,,30/12/2025,14:30:00,13,3,MZS25_045,16,16.1,16.2,16.1,0.1,19.8,19.8,19.9,19.83333333,0.057735027,,,,,,Sample weight: 5.12g. Filtered MiliQ: 1.5 mL. Temperature weight: 4.78g.
MZS25_002.2II,WET SOIL,Light,1.4,6.916666667,,30/12/2025,17:00:00,13,3,MZS25_045,16.9,17.1,17.1,17.03333333,0.115470054,21.1,21.3,21.3,21.23333333,0.115470054,,,,,,Sample weight: 5.12g. Filtered MiliQ: 1.5 mL. Temperature weight: 4.78g.
MZS25_002.2II,WET SOIL,Light,2,10.91666667,,30/12/2025,21:00:00,13,3,MZS25_045,16.5,16.7,16.7,16.63333333,0.115470054,21.8,21.9,21.9,21.86666667,0.057735027,,,,,,Sample weight: 5.12g. Filtered MiliQ: 1.5 mL. Temperature weight: 4.78g.
MZS25_002.2II,WET SOIL,Light,5.7,0,,30/12/2025,10:05:00,14,4,MZS25_046,18.3,17.9,17.3,17.83333333,0.503322296,20.3,20.5,20.6,20.46666667,0.152752523,,,,,,Sample weight: 4.70g. Filtered MiliQ: 1.5 mL. Temperature weight: 4.78g.
MZS25_002.2II,WET SOIL,Light,1.1,0.283333333,,30/12/2025,10:22:00,14,4,MZS25_046,18.2,18.2,18.3,18.23333333,0.057735027,20.5,20.6,20.7,20.6,0.1,,,,,,Sample weight: 4.70g. Filtered MiliQ: 1.5 mL. Temperature weight: 4.78g.
MZS25_002.2II,WET SOIL,Light,0.7,0.7,,30/12/2025,10:47:00,14,4,MZS25_046,18.4,18.5,18.5,18.46666667,0.057735027,19.9,20.1,20.2,20.06666667,0.152752523,,,,,,Sample weight: 4.70g. Filtered MiliQ: 1.5 mL. Temperature weight: 4.78g.
MZS25_002.2II,WET SOIL,Light,0.8,1.416666667,,30/12/2025,11:30:00,14,4,MZS25_046,18.6,18.6,18.8,18.66666667,0.115470054,21.1,21.3,21.3,21.23333333,0.115470054,,,,,,Sample weight: 4.70g. Filtered MiliQ: 1.5 mL. Temperature weight: 4.78g.
MZS25_002.2II,WET SOIL,Light,2,2.416666667,,30/12/2025,12:30:00,14,4,MZS25_046,17.7,17.8,17.9,17.8,0.1,19.2,19.5,19.5,19.4,0.173205081,,,,,,Sample weight: 4.70g. Filtered MiliQ: 1.5 mL. Temperature weight: 4.78g.
MZS25_002.2II,WET SOIL,Light,2.2,4.416666667,,30/12/2025,14:30:00,14,4,MZS25_046,17,17.1,17.1,17.06666667,0.057735027,19.7,19.9,20,19.86666667,0.152752523,,,,,,Sample weight: 4.70g. Filtered MiliQ: 1.5 mL. Temperature weight: 4.78g.
MZS25_002.2II,WET SOIL,Light,1.4,6.916666667,,30/12/2025,17:00:00,14,4,MZS25_046,17.3,17.5,17.6,17.46666667,0.152752523,20.4,20.5,20.5,20.46666667,0.057735027,,,,,,Sample weight: 4.70g. Filtered MiliQ: 1.5 mL. Temperature weight: 4.78g.
MZS25_002.2II,WET SOIL,Light,2,10.91666667,,30/12/2025,21:00:00,14,4,MZS25_046,17.3,17.4,17.7,17.46666667,0.2081666,21.4,21.6,21.7,21.56666667,0.152752523,,,,,,Sample weight: 4.70g. Filtered MiliQ: 1.5 mL. Temperature weight: 4.78g.
MZS25_002.2II,WET SOIL,Dark,5.7,0,,30/12/2025,10:05:00,16,1,MZS25_047,19.1,19.1,19.1,19.1,0,20.9,21,21,20.96666667,0.057735027,,,,,,Sample weight: 4.94g. Filtered MiliQ: 1.5 mL. Temperature weight: 5.15g.
MZS25_002.2II,WET SOIL,Dark,3,0.283333333,,30/12/2025,10:22:00,16,1,MZS25_047,18.4,18.5,18.5,18.46666667,0.057735027,19.7,19.8,19.8,19.76666667,0.057735027,,,,,,Sample weight: 4.94g. Filtered MiliQ: 1.5 mL. Temperature weight: 5.15g.
MZS25_002.2II,WET SOIL,Dark,2,0.7,,30/12/2025,10:47:00,16,1,MZS25_047,18,18.1,18.2,18.1,0.1,19.6,16.9,19.7,18.73333333,1.588500341,,,,,,Sample weight: 4.94g. Filtered MiliQ: 1.5 mL. Temperature weight: 5.15g.
MZS25_002.2II,WET SOIL,Dark,1.6,1.416666667,,30/12/2025,11:30:00,16,1,MZS25_047,17.7,18,18.3,18,0.3,20.1,20.1,20.2,20.13333333,0.057735027,,,,,,Sample weight: 4.94g. Filtered MiliQ: 1.5 mL. Temperature weight: 5.15g.
MZS25_002.2II,WET SOIL,Dark,2,2.416666667,,30/12/2025,12:30:00,16,1,MZS25_047,17.6,18,18.2,17.93333333,0.305505046,19,19.3,19.4,19.23333333,0.2081666,,,,,,Sample weight: 4.94g. Filtered MiliQ: 1.5 mL. Temperature weight: 5.15g.
MZS25_002.2II,WET SOIL,Dark,2.2,4.416666667,,30/12/2025,14:30:00,16,1,MZS25_047,17.7,17.9,18.1,17.9,0.2,19.8,19.9,19.9,19.86666667,0.057735027,,,,,,Sample weight: 4.94g. Filtered MiliQ: 1.5 mL. Temperature weight: 5.15g.
MZS25_002.2II,WET SOIL,Dark,1.3,6.916666667,,30/12/2025,17:00:00,16,1,MZS25_047,18.4,18.7,18.7,18.6,0.173205081,20.3,20.4,20.5,20.4,0.1,,,,,,Sample weight: 4.94g. Filtered MiliQ: 1.5 mL. Temperature weight: 5.15g.
MZS25_002.2II,WET SOIL,Dark,2.2,10.91666667,,30/12/2025,21:00:00,16,1,MZS25_047,16.9,17,17.2,17.03333333,0.152752523,19.7,19.8,19.9,19.8,0.1,,,,,,Sample weight: 4.94g. Filtered MiliQ: 1.5 mL. Temperature weight: 5.15g.
MZS25_002.2II,WET SOIL,Dark,5.7,0,,30/12/2025,10:05:00,17,2,MZS25_048,19.1,19.1,19.1,19.1,0,21.2,21.3,21.4,21.3,0.1,,,,,,Sample weight: 4.95g. Filtered MiliQ: 1.5 mL. Temperature weight: 5.15g.
MZS25_002.2II,WET SOIL,Dark,3,0.283333333,,30/12/2025,10:22:00,17,2,MZS25_048,17.5,17.5,17.8,17.6,0.173205081,19.9,20,20,19.96666667,0.057735027,,,,,,Sample weight: 4.95g. Filtered MiliQ: 1.5 mL. Temperature weight: 5.15g.
MZS25_002.2II,WET SOIL,Dark,2,0.7,,30/12/2025,10:47:00,17,2,MZS25_048,18.9,18.8,18.9,18.86666667,0.057735027,20.4,20.5,20.6,20.5,0.1,,,,,,Sample weight: 4.95g. Filtered MiliQ: 1.5 mL. Temperature weight: 5.15g.
MZS25_002.2II,WET SOIL,Dark,1.6,1.416666667,,30/12/2025,11:30:00,17,2,MZS25_048,18.5,18.6,18.6,18.56666667,0.057735027,20.5,20.6,20.6,20.56666667,0.057735027,,,,,,Sample weight: 4.95g. Filtered MiliQ: 1.5 mL. Temperature weight: 5.15g.
MZS25_002.2II,WET SOIL,Dark,2,2.416666667,,30/12/2025,12:30:00,17,2,MZS25_048,18.7,18.8,19,18.83333333,0.152752523,18.7,18.8,19,18.83333333,0.152752523,,,,,,Sample weight: 4.95g. Filtered MiliQ: 1.5 mL. Temperature weight: 5.15g.
MZS25_002.2II,WET SOIL,Dark,2.2,4.416666667,,30/12/2025,14:30:00,17,2,MZS25_048,18.1,18.2,18.3,18.2,0.1,19.5,19.6,19.7,19.6,0.1,,,,,,Sample weight: 4.95g. Filtered MiliQ: 1.5 mL. Temperature weight: 5.15g.
MZS25_002.2II,WET SOIL,Dark,1.3,6.916666667,,30/12/2025,17:00:00,17,2,MZS25_048,18.4,18.6,18.7,18.56666667,0.152752523,20.4,20.5,20.6,20.5,0.1,,,,,,Sample weight: 4.95g. Filtered MiliQ: 1.5 mL. Temperature weight: 5.15g.
MZS25_002.2II,WET SOIL,Dark,2.2,10.91666667,,30/12/2025,21:00:00,17,2,MZS25_048,19.3,19.3,19.3,19.3,0,19.9,20.1,20.2,20.06666667,0.152752523,,,,,,Sample weight: 4.95g. Filtered MiliQ: 1.5 mL. Temperature weight: 5.15g.
MZS25_002.2II,WET SOIL,Dark,5.7,0,,30/12/2025,10:05:00,18,3,MZS025_049,19.3,19.5,19.6,19.46666667,0.152752523,21.7,21.7,21.8,21.73333333,0.057735027,,,,,,Sample weight: 4.96g. Filtered MiliQ: 1.5 mL. Temperature weight: 5.15g.
MZS25_002.2II,WET SOIL,Dark,3,0.283333333,,30/12/2025,10:22:00,18,3,MZS025_049,18.4,18.6,18.5,18.5,0.1,20.2,20.3,20.3,20.26666667,0.057735027,,,,,,Sample weight: 4.96g. Filtered MiliQ: 1.5 mL. Temperature weight: 5.15g.
MZS25_002.2II,WET SOIL,Dark,2,0.7,,30/12/2025,10:47:00,18,3,MZS025_049,19.1,19.2,19.2,19.16666667,0.057735027,20.6,20.7,20.8,20.7,0.1,,,,,,Sample weight: 4.96g. Filtered MiliQ: 1.5 mL. Temperature weight: 5.15g.
MZS25_002.2II,WET SOIL,Dark,1.6,1.416666667,,30/12/2025,11:30:00,18,3,MZS025_049,19,19.1,19.1,19.06666667,0.057735027,20.5,20.7,20.8,20.66666667,0.152752523,,,,,,Sample weight: 4.96g. Filtered MiliQ: 1.5 mL. Temperature weight: 5.15g.
MZS25_002.2II,WET SOIL,Dark,2,2.416666667,,30/12/2025,12:30:00,18,3,MZS025_049,19,19.1,19.2,19.1,0.1,20.3,20.5,20.6,20.46666667,0.152752523,,,,,,Sample weight: 4.96g. Filtered MiliQ: 1.5 mL. Temperature weight: 5.15g.
MZS25_002.2II,WET SOIL,Dark,2.2,4.416666667,,30/12/2025,14:30:00,18,3,MZS025_049,18.6,18.6,18.6,18.6,0,20,20.2,20.2,20.13333333,0.115470054,,,,,,Sample weight: 4.96g. Filtered MiliQ: 1.5 mL. Temperature weight: 5.15g.
MZS25_002.2II,WET SOIL,Dark,1.3,6.916666667,,30/12/2025,17:00:00,18,3,MZS025_049,18.7,18.7,18.8,18.73333333,0.057735027,20.4,20.9,20.9,20.73333333,0.288675135,,,,,,Sample weight: 4.96g. Filtered MiliQ: 1.5 mL. Temperature weight: 5.15g.
MZS25_002.2II,WET SOIL,Dark,2.2,10.91666667,,30/12/2025,21:00:00,18,3,MZS025_049,18.2,18.2,18.3,18.23333333,0.057735027,20.6,20.7,20.7,20.66666667,0.057735027,,,,,,Sample weight: 4.96g. Filtered MiliQ: 1.5 mL. Temperature weight: 5.15g.
MZS25_002.2II,WET SOIL,Dark,5.7,0,,30/12/2025,10:05:00,19,4,MZS025_050,18.7,18.6,18.5,18.6,0.1,21.2,21,21.2,21.13333333,0.115470054,,,,,,Sample weight: 5.10g. Filtered MiliQ: 1.5 mL. Temperature weight: 5.15g.
MZS25_002.2II,WET SOIL,Dark,3,0.283333333,,30/12/2025,10:22:00,19,4,MZS025_050,18.3,18.3,18.3,18.3,0,20.2,20.4,20.4,20.33333333,0.115470054,,,,,,Sample weight: 5.10g. Filtered MiliQ: 1.5 mL. Temperature weight: 5.15g.
MZS25_002.2II,WET SOIL,Dark,2,0.7,,30/12/2025,10:47:00,19,4,MZS025_050,18.9,19,19,18.96666667,0.057735027,20.8,20.9,21,20.9,0.1,,,,,,Sample weight: 5.10g. Filtered MiliQ: 1.5 mL. Temperature weight: 5.15g.
MZS25_002.2II,WET SOIL,Dark,1.6,1.416666667,,30/12/2025,11:30:00,19,4,MZS025_050,18.9,19.1,19.2,19.06666667,0.152752523,21.2,21.3,21.5,21.33333333,0.152752523,,,,,,Sample weight: 5.10g. Filtered MiliQ: 1.5 mL. Temperature weight: 5.15g.
MZS25_002.2II,WET SOIL,Dark,2,2.416666667,,30/12/2025,12:30:00,19,4,MZS025_050,19,19.2,19.3,19.16666667,0.152752523,21,21.1,21.1,21.06666667,0.057735027,,,,,,Sample weight: 5.10g. Filtered MiliQ: 1.5 mL. Temperature weight: 5.15g.
MZS25_002.2II,WET SOIL,Dark,2.2,4.416666667,,30/12/2025,14:30:00,19,4,MZS025_050,18.3,18.4,18.4,18.36666667,0.057735027,20.4,20.5,20.5,20.46666667,0.057735027,,,,,,Sample weight: 5.10g. Filtered MiliQ: 1.5 mL. Temperature weight: 5.15g.
MZS25_002.2II,WET SOIL,Dark,1.3,6.916666667,,30/12/2025,17:00:00,19,4,MZS025_050,18.6,18.6,18.7,18.63333333,0.057735027,20.4,20.7,20.8,20.63333333,0.2081666,,,,,,Sample weight: 5.10g. Filtered MiliQ: 1.5 mL. Temperature weight: 5.15g.
MZS25_002.2II,WET SOIL,Dark,2.2,10.91666667,,30/12/2025,21:00:00,19,4,MZS025_050,17.9,18,18.1,18,0.1,20.7,20.7,20.8,20.73333333,0.057735027,,,,,,Sample weight: 5.10g. Filtered MiliQ: 1.5 mL. Temperature weight: 5.15g.
MZS25_003,CCO,Light,7,0,,28/12/2025,22:55:00,13,1,MZS_025,14,13.3,11.8,13.03333333,1.12398102,21.6,21.6,21.6,21.6,4.35E+15,25.7,25.8,25.7,25.73333333,0.057735027,Volume: 10 mL CCO.
MZS25_003,CCO,Light,2.5,0.416666667,,28/12/2025,23:20:00,13,1,MZS_025,8,7.1,7.1,7.4,0.519615242,13.9,14,14.6,14.16666667,0.37859389,18.3,18.1,18.4,18.26666667,0.152752523,Volume: 10 mL CCO.
MZS25_003,CCO,Light,0.8,0.75,,28/12/2025,23:40:00,13,1,MZS_025,4.2,4.3,4.3,4.266666667,0.057735027,11,11,11.1,11.03333333,0.057735027,15.2,15.3,15.3,15.26666667,0.057735027,Volume: 10 mL CCO.
MZS25_003,CCO,Light,1.6,1.083333333,,29/12/2025,00:00:00,13,1,MZS_025,4.5,5.2,5.2,4.966666667,0.404145188,10.1,10.7,10.7,10.5,0.346410162,15.4,15.3,15.3,15.33333333,0.057735027,Volume: 10 mL CCO.
MZS25_003,CCO,Light,0.4,1.583333333,,29/12/2025,00:30:00,13,1,MZS_025,3.6,3.1,4,3.566666667,0.450924975,9.2,9.2,8.5,8.966666667,0.404145188,13.4,13.4,12.8,13.2,0.346410162,Volume: 10 mL CCO.
MZS25_003,CCO,Light,0.4,3.083333333,,29/12/2025,02:00:00,13,1,MZS_025,3.2,3.3,3.3,3.266666667,0.057735027,8.7,8.5,8.9,8.7,0.2,13.7,13.8,13.7,13.73333333,0.057735027,Volume: 10 mL CCO.
MZS25_003,CCO,Light,7,0,,28/12/2025,22:55:00,14,2,MZS_026,11,10.8,10.6,10.8,0.2,17.2,18.3,18.4,17.96666667,0.665832812,23.8,23.8,23.9,23.83333333,0.057735027,Volume: 10 mL CCO.
MZS25_003,CCO,Light,2.5,0.416666667,,28/12/2025,23:20:00,14,2,MZS_026,6.5,6.5,6.5,6.5,0,12.5,12.5,12.1,12.36666667,0.230940108,17.1,17,16.99,17.03,0.060827625,Volume: 10 mL CCO.
MZS25_003,CCO,Light,0.8,0.75,,28/12/2025,23:40:00,14,2,MZS_026,5.4,5.5,5.2,5.366666667,0.152752523,11.5,10.9,10.4,10.93333333,0.550757055,15.3,14.9,14.9,15.03333333,0.230940108,Volume: 10 mL CCO.
MZS25_003,CCO,Light,1.6,1.083333333,,29/12/2025,00:00:00,14,2,MZS_026,4.3,3.9,3.7,3.966666667,0.305505046,9.8,9.9,9.9,9.866666667,0.057735027,14.3,14,14,14.1,0.173205081,Volume: 10 mL CCO.
MZS25_003,CCO,Light,0.4,1.583333333,,29/12/2025,00:30:00,14,2,MZS_026,4.8,4.5,4.6,4.633333333,0.152752523,8.8,8.9,8.8,8.833333333,0.057735027,13.8,13.5,14,13.76666667,0.251661148,Volume: 10 mL CCO.
MZS25_003,CCO,Light,0.4,3.083333333,,29/12/2025,02:00:00,14,2,MZS_026,3.4,3.5,3.7,3.533333333,0.152752523,7.3,8.2,8.2,7.9,0.519615242,12.2,12.3,12.5,12.33333333,0.152752523,Volume: 10 mL CCO.
MZS25_003,CCO,Light,7,0,,28/12/2025,22:55:00,15,3,MZS_027,12.1,12,12,12.03333333,0.057735027,15.2,14.9,15,15.03333333,0.152752523,22.9,23.1,23,23,0.1,Volume: 10 mL CCO.
MZS25_003,CCO,Light,2.5,0.416666667,,28/12/2025,23:20:00,15,3,MZS_027,7.1,7.4,7.1,7.2,0.173205081,11.7,11.8,11.8,11.76666667,0.057735027,17.1,17.4,17.2,17.23333333,0.152752523,Volume: 10 mL CCO.
MZS25_003,CCO,Light,0.8,0.75,,28/12/2025,23:40:00,15,3,MZS_027,5.3,5.2,4.9,5.133333333,0.2081666,8.9,8.9,8.5,8.766666667,0.230940108,14.3,14.5,14.6,14.46666667,0.152752523,Volume: 10 mL CCO.
MZS25_003,CCO,Light,1.6,1.083333333,,29/12/2025,00:00:00,15,3,MZS_027,5.1,5.1,5.1,5.1,0,7.8,7.7,7.8,7.766666667,0.057735027,14,14.1,14,14.03333333,0.057735027,Volume: 10 mL CCO.
MZS25_003,CCO,Light,0.4,1.583333333,,29/12/2025,00:30:00,15,3,MZS_027,4.9,4.5,4.3,4.566666667,0.305505046,7.7,7.7,7.3,7.566666667,0.230940108,13.5,13,13.2,13.23333333,0.251661148,Volume: 10 mL CCO.
MZS25_003,CCO,Light,0.4,3.083333333,,29/12/2025,02:00:00,15,3,MZS_027,3.3,3.4,3.1,3.266666667,0.152752523,8,7.5,7.3,7.6,0.360555128,12.2,12.4,12.3,12.3,0.1,Volume: 10 mL CCO.
MZS25_003,CCO,Light,7,0,,28/12/2025,22:55:00,16,4,MZS_028,12.2,12.1,12.2,12.16666667,0.057735027,14.7,14.8,15.2,14.9,0.264575131,23.3,23.4,23.3,23.33333333,0.057735027,Volume: 10 mL CCO.
MZS25_003,CCO,Light,2.5,0.416666667,,28/12/2025,23:20:00,16,4,MZS_028,5.9,6.1,5.7,5.9,0.2,9.9,10.1,10.2,10.06666667,0.152752523,14.6,14.7,14.8,14.7,0.1,Volume: 10 mL CCO.
MZS25_003,CCO,Light,0.8,0.75,,28/12/2025,23:40:00,16,4,MZS_028,5.5,5.2,5.1,5.266666667,0.2081666,9.7,9.2,9.2,9.366666667,0.288675135,13.8,13.8,13.8,13.8,2.18E+15,Volume: 10 mL CCO.
MZS25_003,CCO,Light,1.6,1.083333333,,29/12/2025,00:00:00,16,4,MZS_028,5.3,4.9,4.9,5.033333333,0.230940108,7.9,8,7.8,7.9,0.1,13.9,14,14.1,14,0.1,Volume: 10 mL CCO.
MZS25_003,CCO,Light,0.4,1.583333333,,29/12/2025,00:30:00,16,4,MZS_028,5.9,5.9,6,5.933333333,0.057735027,8.8,8.9,9.1,8.933333333,0.152752523,12.9,13.1,13.1,13.03333333,0.115470054,Volume: 10 mL CCO.
MZS25_003,CCO,Light,0.4,3.083333333,,29/12/2025,02:00:00,16,4,MZS_028,3.9,3.9,3.9,3.9,0,7.2,7.2,6.8,7.066666667,0.230940108,12.7,12.5,12.5,12.56666667,0.115470054,Volume: 10 mL CCO.
MZS25_003,CCO,Light,7,0,,28/12/2025,22:55:00,17,5,MZS_029,14.5,14.4,14.8,14.56666667,0.2081666,21,22.2,22.7,21.96666667,0.873689495,23.6,23.7,23.7,23.66666667,0.057735027,Volume: 10 mL CCO.
MZS25_003,CCO,Light,2.5,0.416666667,,28/12/2025,23:20:00,17,5,MZS_029,5.1,5.7,6,5.6,0.458257569,11.3,10.6,10.2,10.7,0.556776436,15.3,15.5,15.2,15.33333333,0.152752523,Volume: 10 mL CCO.
MZS25_003,CCO,Light,0.8,0.75,,28/12/2025,23:40:00,17,5,MZS_029,4.2,4.5,4.2,4.3,0.173205081,8.9,8.9,9,8.933333333,0.057735027,14.1,13.9,13.9,13.96666667,0.115470054,Volume: 10 mL CCO.
MZS25_003,CCO,Light,1.6,1.083333333,,29/12/2025,00:00:00,17,5,MZS_029,3.3,3.4,3.9,3.533333333,0.321455025,8.4,8.2,8.8,8.466666667,0.305505046,13.6,13.8,13.5,13.63333333,0.152752523,Volume: 10 mL CCO.
MZS25_003,CCO,Light,0.4,1.583333333,,29/12/2025,00:30:00,17,5,MZS_029,5.5,5.5,5.1,5.366666667,0.230940108,8.5,8.7,8.9,8.7,0.2,14.2,14.5,14.5,14.4,0.173205081,Volume: 10 mL CCO.
MZS25_003,CCO,Light,0.4,3.083333333,,29/12/2025,02:00:00,17,5,MZS_029,2.3,2.9,2.3,2.5,0.346410162,7.2,6.7,7,6.966666667,0.251661148,13.4,12.6,12,12.66666667,0.702376917,Volume: 10 mL CCO.
MZS25_003,CCO,Dark,3.4,0,,28/12/2025,22:50:00,19,1,MZS_030,10.8,10.9,11,10.9,0.1,16.8,17,16.3,16.7,0.360555128,23.1,23.2,23.1,23.13333333,0.057735027,Volume: 10 mL CCO.
MZS25_003,CCO,Dark,3.5,0.333333333,,28/12/2025,23:10:00,19,1,MZS_030,7.6,7.5,6.7,7.266666667,0.493288286,11.1,12.2,11.2,11.5,0.608276253,17.2,17.3,17.2,17.23333333,0.057735027,Volume: 10 mL CCO.
MZS25_003,CCO,Dark,1.1,0.666666667,,28/12/2025,23:30:00,19,1,MZS_030,7.2,7.8,7.9,7.633333333,0.37859389,11.7,11.2,11,11.3,0.360555128,14.7,14.8,14.9,14.8,0.1,Volume: 10 mL CCO.
MZS25_003,CCO,Dark,1,1,,28/12/2025,23:50:00,19,1,MZS_030,6.9,7,6.3,6.733333333,0.37859389,10.3,10.8,10.5,10.53333333,0.251661148,14,14.9,15,14.63333333,0.550757055,Volume: 10 mL CCO.
MZS25_003,CCO,Dark,1.3,1.5,,29/12/2025,00:20:00,19,1,MZS_030,5.3,5,4.5,4.933333333,0.404145188,8.9,10,10,9.633333333,0.635085296,14.6,14.7,14.7,14.66666667,0.057735027,Volume: 10 mL CCO.
MZS25_003,CCO,Dark,0.6,3,,29/12/2025,01:50:00,19,1,MZS_030,3.2,2.8,2.5,2.833333333,0.351188458,8.6,8.4,8.4,8.466666667,0.115470054,13.2,13.2,13.2,13.2,2.18E+15,Volume: 10 mL CCO.
MZS25_003,CCO,Dark,3.4,0,,28/12/2025,22:50:00,20,2,MZS_031,11.8,12,12.1,11.96666667,0.152752523,18.6,20.3,20.1,19.66666667,0.929157324,25.3,25.3,25.2,25.26666667,0.057735027,Volume: 10 mL CCO.
MZS25_003,CCO,Dark,3.5,0.333333333,,28/12/2025,23:10:00,20,2,MZS_031,6.7,6.9,6.7,6.766666667,0.115470054,11.4,10.9,9.8,10.7,0.818535277,16.7,16.8,16.7,16.73333333,0.057735027,Volume: 10 mL CCO.
MZS25_003,CCO,Dark,1.1,0.666666667,,28/12/2025,23:30:00,20,2,MZS_031,6.3,5.9,6.2,6.133333333,0.2081666,12.2,12.2,11,11.8,0.692820323,15.3,15.4,15.2,15.3,0.1,Volume: 10 mL CCO.
MZS25_003,CCO,Dark,1,1,,28/12/2025,23:50:00,20,2,MZS_031,5.7,5.8,6.1,5.866666667,0.2081666,10.2,10.3,10.2,10.23333333,0.057735027,15.1,15,15.1,15.06666667,0.057735027,Volume: 10 mL CCO.
MZS25_003,CCO,Dark,1.3,1.5,,29/12/2025,00:20:00,20,2,MZS_031,5.6,5.3,5.1,5.333333333,0.251661148,9.3,9.7,10,9.666666667,0.351188458,14.7,14.3,14.6,14.53333333,0.2081666,Volume: 10 mL CCO.
MZS25_003,CCO,Dark,0.6,3,,29/12/2025,01:50:00,20,2,MZS_031,2.3,2.4,2.8,2.5,0.264575131,7.4,6.4,6.8,6.866666667,0.503322296,13.4,13,13.2,13.2,0.2,Volume: 10 mL CCO.
MZS25_003,CCO,Dark,3.4,0,,28/12/2025,22:50:00,21,3,MZS_032,11.7,12,11.8,11.83333333,0.152752523,20.3,19.5,19.3,19.7,0.529150262,25,25.8,25.4,25.4,0.4,Volume: 10 mL CCO.
MZS25_003,CCO,Dark,3.5,0.333333333,,28/12/2025,23:10:00,21,3,MZS_032,5.9,5.7,5.3,5.633333333,0.305505046,11.7,11.9,12.5,12.03333333,0.4163332,15.1,15.1,15.1,15.1,0,Volume: 10 mL CCO.
MZS25_003,CCO,Dark,1.1,0.666666667,,28/12/2025,23:30:00,21,3,MZS_032,5.1,5.8,5.4,5.433333333,0.351188458,10.5,10.1,10.1,10.23333333,0.230940108,14.4,14.4,14.4,14.4,0,Volume: 10 mL CCO.
MZS25_003,CCO,Dark,1,1,,28/12/2025,23:50:00,21,3,MZS_032,4.9,5.1,4.5,4.833333333,0.305505046,9.4,10.3,9.8,9.833333333,0.450924975,14.1,14.2,14.1,14.13333333,0.057735027,Volume: 10 mL CCO.
MZS25_003,CCO,Dark,1.3,1.5,,29/12/2025,00:20:00,21,3,MZS_032,5,4.7,5.5,5.066666667,0.404145188,9.9,9.7,9.9,9.833333333,0.115470054,14,14.1,13.9,14,0.1,Volume: 10 mL CCO.
MZS25_003,CCO,Dark,0.6,3,,29/12/2025,01:50:00,21,3,MZS_032,3.6,3.6,3.2,3.466666667,0.230940108,7.8,7.6,7.7,7.7,0.1,13,13,12.7,12.9,0.173205081,Volume: 10 mL CCO.
MZS25_003,CCO,Dark,3.4,0,,28/12/2025,22:50:00,22,4,MZS_033,11,11.4,10.9,11.1,0.264575131,19.4,20,19.2,19.53333333,0.4163332,25.2,25.4,25.5,25.36666667,0.152752523,Volume: 10 mL CCO.
MZS25_003,CCO,Dark,3.5,0.333333333,,28/12/2025,23:10:00,22,4,MZS_033,5.5,5.8,6,5.766666667,0.251661148,10,11.6,11.6,11.06666667,0.923760431,16.8,16.8,17,16.86666667,0.115470054,Volume: 10 mL CCO.
MZS25_003,CCO,Dark,1.1,0.666666667,,28/12/2025,23:30:00,22,4,MZS_033,5.4,5.9,5.7,5.666666667,0.251661148,9.2,10.4,10.8,10.13333333,0.8326664,14.4,14.6,14.7,14.56666667,0.152752523,Volume: 10 mL CCO.
MZS25_003,CCO,Dark,1,1,,28/12/2025,23:50:00,22,4,MZS_033,4.5,3.8,3.7,4,0.435889894,8.3,7.2,7.5,7.666666667,0.56862407,14.3,14,14.1,14.13333333,0.152752523,Volume: 10 mL CCO.
MZS25_003,CCO,Dark,1.3,1.5,,29/12/2025,00:20:00,22,4,MZS_033,3.7,4.2,4.8,4.233333333,0.550757055,9.6,9,9.2,9.266666667,0.305505046,13.8,13.8,14,13.86666667,0.115470054,Volume: 10 mL CCO.
MZS25_003,CCO,Dark,0.6,3,,29/12/2025,01:50:00,22,4,MZS_033,3.5,3.6,3.8,3.633333333,0.152752523,8.3,8.5,8.1,8.3,0.2,13.4,13.5,13.6,13.5,0.1,Volume: 10 mL CCO.
MZS25_003,CCO,Dark,3.4,0,,28/12/2025,22:50:00,23,5,MZS_034,13.3,13.5,13.4,13.4,0.1,19.7,19.7,18.8,19.4,0.519615242,25.8,25.8,25.8,25.8,0,Volume: 10 mL CCO.
MZS25_003,CCO,Dark,3.5,0.333333333,,28/12/2025,23:10:00,23,5,MZS_034,6,6.2,6.2,6.133333333,0.115470054,11.1,11.9,12.2,11.73333333,0.56862407,15.9,16.1,15.7,15.9,0.2,Volume: 10 mL CCO.
MZS25_003,CCO,Dark,1.1,0.666666667,,28/12/2025,23:30:00,23,5,MZS_034,5.4,5,4.4,4.933333333,0.503322296,9,8.9,9.6,9.166666667,0.37859389,14.8,14.3,13.7,14.26666667,0.550757055,Volume: 10 mL CCO.
MZS25_003,CCO,Dark,1,1,,28/12/2025,23:50:00,23,5,MZS_034,3.8,4.2,4,4,0.2,8,8.6,8.5,8.366666667,0.321455025,15,15.1,15.2,15.1,0.1,Volume: 10 mL CCO.
MZS25_003,CCO,Dark,1.3,1.5,,29/12/2025,00:20:00,23,5,MZS_034,3.3,3.4,3.5,3.4,0.1,8.1,8.1,8.9,8.366666667,0.461880215,13.5,13.2,13.2,13.3,0.173205081,Volume: 10 mL CCO.
MZS25_003,CCO,Dark,0.6,3,,29/12/2025,01:50:00,23,5,MZS_034,2.2,2.9,2.4,2.5,0.360555128,6.5,6.5,7.3,6.766666667,0.461880215,12,11.5,11.7,11.73333333,0.251661148,Volume: 10 mL CCO.
MZS25_004,CCO,Light,4.9,0,,31/12/2025,22:40:00,11,1,MZS_059,18.5,18.5,18.5,18.5,0,19.1,19.2,19.1,19.13333333,0.057735027,20.2,20.1,19.9,20.06666667,0.152752523,
MZS25_004,CCO,Light,1,0.333333333,,31/12/2025,23:00:00,11,1,MZS_059,17.6,17.3,17.5,17.46666667,0.152752523,18.4,18.4,18.4,18.4,0,18.6,18.6,18.6,18.6,0,
MZS25_004,CCO,Light,1.4,1.083333333,,31/12/2025,23:45:00,11,1,MZS_059,16.4,16.5,16.6,16.5,0.1,17.4,17.1,17.1,17.2,0.173205081,17.8,17.8,18,17.86666667,0.115470054,
MZS25_004,CCO,Light,1.3,2.75,,01/01/2026,01:25:00,11,1,MZS_059,15.3,15.4,15.5,15.4,0.1,16.6,16.7,16.8,16.7,0.1,17,17,17,17,0,
MZS25_004,CCO,Light,1.3,3.833333333,,01/01/2026,02:30:00,11,1,MZS_059,14.6,14.7,14.6,14.63333333,0.057735027,15.6,15.7,15.7,15.66666667,0.057735027,16.3,16.4,16.4,16.36666667,0.057735027,
MZS25_004,CCO,Light,4.9,0,,31/12/2025,22:40:00,12,2,MZS_060,17,17.2,18.2,17.46666667,0.642910051,18.8,18.8,18.4,18.66666667,0.230940108,21.6,21.7,21.7,21.66666667,0.057735027,
MZS25_004,CCO,Light,1,0.333333333,,31/12/2025,23:00:00,12,2,MZS_060,16.1,16.3,16.3,16.23333333,0.115470054,18.3,18.3,18.3,18.3,0,18.9,18.9,18.9,18.9,0,
MZS25_004,CCO,Light,1.4,1.083333333,,31/12/2025,23:45:00,12,2,MZS_060,14.6,15,15.1,14.9,0.264575131,17.1,17.1,17.1,17.1,0,17.7,17.7,17.7,17.7,0,
MZS25_004,CCO,Light,1.3,2.75,,01/01/2026,01:25:00,12,2,MZS_060,14,14,13.9,13.96666667,0.057735027,16.6,16.7,16.6,16.63333333,0.057735027,17.4,17.4,17.5,17.43333333,0.057735027,
MZS25_004,CCO,Light,1.3,3.833333333,,01/01/2026,02:30:00,12,2,MZS_060,13.5,13.6,13.6,13.56666667,0.057735027,16.1,16.2,16.1,16.13333333,0.057735027,16.5,16.6,16.6,16.56666667,0.057735027,
MZS25_004,CCO,Light,4.9,0,,31/12/2025,22:40:00,13,3,MZS_061,15.9,16,16,15.96666667,0.057735027,17.9,17.9,17.4,17.73333333,0.288675135,21.3,21.4,21.4,21.36666667,0.057735027,
MZS25_004,CCO,Light,1,0.333333333,,31/12/2025,23:00:00,13,3,MZS_061,16.1,16.2,16.2,16.16666667,0.057735027,17.8,17.7,17.7,17.73333333,0.057735027,19.4,19.4,19.4,19.4,0,
MZS25_004,CCO,Light,1.4,1.083333333,,31/12/2025,23:45:00,13,3,MZS_061,14.8,14.9,14.8,14.83333333,0.057735027,17.3,17.4,17.4,17.36666667,0.057735027,18.4,18.5,18.4,18.43333333,0.057735027,
MZS25_004,CCO,Light,1.3,2.75,,01/01/2026,01:25:00,13,3,MZS_061,13.9,14,13,13.63333333,0.550757055,16.6,16.3,15.9,16.26666667,0.351188458,17.8,18.1,18.1,18,0.173205081,
MZS25_004,CCO,Light,1.3,3.833333333,,01/01/2026,02:30:00,13,3,MZS_061,13.3,13.4,13.4,13.36666667,0.057735027,16.6,16.3,16.4,16.43333333,0.152752523,17.2,17.3,17.3,17.26666667,0.057735027,
MZS25_004,CCO,Light,4.9,0,,31/12/2025,22:40:00,14,4,MZS_062,17.5,17.7,17.7,17.63333333,0.115470054,18.5,18.6,18.6,18.56666667,0.057735027,20.2,20.2,20.2,20.2,0,
MZS25_004,CCO,Light,1,0.333333333,,31/12/2025,23:00:00,14,4,MZS_062,17.5,17.4,17.4,17.43333333,0.057735027,17.8,17.6,17.6,17.66666667,0.115470054,18.5,18.3,18.2,18.33333333,0.152752523,
MZS25_004,CCO,Light,1.4,1.083333333,,31/12/2025,23:45:00,14,4,MZS_062,16.9,16.5,16.4,16.6,0.264575131,17.2,17.1,17.2,17.16666667,0.057735027,17.6,17.7,17.6,17.63333333,0.057735027,
MZS25_004,CCO,Light,1.3,2.75,,01/01/2026,01:25:00,14,4,MZS_062,15.5,15.6,15.5,15.53333333,0.057735027,16.3,16.2,16,16.16666667,0.152752523,17.1,17.1,17.1,17.1,0,
MZS25_004,CCO,Light,1.3,3.833333333,,01/01/2026,02:30:00,14,4,MZS_062,14.6,14.6,14.6,14.6,0,15.9,15.9,16,15.93333333,0.057735027,16.4,16.5,16.5,16.46666667,0.057735027,
MZS25_004,CCO,Dark,0.9,0,,31/12/2025,22:40:00,16,1,MZS_063,18.8,18.8,18.8,18.8,0,19.8,20,20,19.93333333,0.115470054,20.4,20.6,20.6,20.53333333,0.115470054,
MZS25_004,CCO,Dark,0.3,0.333333333,,31/12/2025,23:00:00,16,1,MZS_063,18.1,18.2,18.2,18.16666667,0.057735027,18.2,18.3,18.3,18.26666667,0.057735027,18.6,18.8,18.8,18.73333333,0.115470054,
MZS25_004,CCO,Dark,0.7,1.083333333,,31/12/2025,23:45:00,16,1,MZS_063,17,17.1,17.1,17.06666667,0.057735027,18.1,18,17.9,18,0.1,18.6,18.7,18.7,18.66666667,0.057735027,
MZS25_004,CCO,Dark,0.3,2.75,,01/01/2026,01:25:00,16,1,MZS_063,16.2,16.2,16.2,16.2,0,17.5,17.6,17.7,17.6,0.1,18.3,18.4,18.5,18.4,0.1,
MZS25_004,CCO,Dark,0.1,3.833333333,,01/01/2026,02:30:00,16,1,MZS_063,15.3,15.2,15.2,15.23333333,0.057735027,16.9,17.1,17.1,17.03333333,0.115470054,17.5,17.6,17.6,17.56666667,0.057735027,
MZS25_004,CCO,Dark,0.6,15.66666667,,01/01/2026,14:20:00,16,1,MZS_063,13.9,14,14,13.96666667,0.057735027,16.1,16.1,16.1,16.1,0,16.8,16.8,16.8,16.8,0,
MZS25_004,CCO,Dark,0.9,0,,31/12/2025,22:40:00,17,2,MZS_064,17.1,17.1,17.1,17.1,0,19.9,20,20.1,20,0.1,19,19,18.9,18.96666667,0.057735027,
MZS25_004,CCO,Dark,0.3,0.333333333,,31/12/2025,23:00:00,17,2,MZS_064,18.3,18.4,18.4,18.36666667,0.057735027,18.7,18.8,18.8,18.76666667,0.057735027,19.8,19.8,19.8,19.8,0,
MZS25_004,CCO,Dark,0.7,1.083333333,,31/12/2025,23:45:00,17,2,MZS_064,15.7,15.7,15.6,15.66666667,0.057735027,17.2,17.1,17.1,17.13333333,0.057735027,17.3,17.4,17.4,17.36666667,0.057735027,
MZS25_004,CCO,Dark,0.3,2.75,,01/01/2026,01:25:00,17,2,MZS_064,15.1,15.2,15.2,15.16666667,0.057735027,16.6,16.6,16.2,16.46666667,0.230940108,17.1,17.2,17.3,17.2,0.1,
MZS25_004,CCO,Dark,0.1,3.833333333,,01/01/2026,02:30:00,17,2,MZS_064,14.4,14.4,14.4,14.4,0,16,16.1,16.1,16.06666667,0.057735027,16.5,16.6,16.6,16.56666667,0.057735027,
MZS25_004,CCO,Dark,0.6,15.66666667,,01/01/2026,14:20:00,17,2,MZS_064,13.1,13,13,13.03333333,0.057735027,16,15.5,15.3,15.6,0.360555128,17.2,17.2,17.3,17.23333333,0.057735027,
MZS25_004,CCO,Dark,0.9,0,,31/12/2025,22:40:00,18,3,MZS_065,18.3,18.4,18.4,18.36666667,0.057735027,18.7,18.8,18.8,18.76666667,0.057735027,18.7,18.8,18.8,18.76666667,0.057735027,
MZS25_004,CCO,Dark,0.3,0.333333333,,31/12/2025,23:00:00,18,3,MZS_065,17.4,17.5,17.5,17.46666667,0.057735027,18.1,18.2,18.2,18.16666667,0.057735027,18.7,18.6,18.7,18.66666667,0.057735027,
MZS25_004,CCO,Dark,0.7,1.083333333,,31/12/2025,23:45:00,18,3,MZS_065,16.1,16.2,16.2,16.16666667,0.057735027,16.9,16.9,16.8,16.86666667,0.057735027,17.9,18,17.9,17.93333333,0.057735027,
MZS25_004,CCO,Dark,0.3,2.75,,01/01/2026,01:25:00,18,3,MZS_065,15.2,15.2,15.3,15.23333333,0.057735027,16.3,16.4,16.3,16.33333333,0.057735027,17.2,17.3,17.3,17.26666667,0.057735027,
MZS25_004,CCO,Dark,0.1,3.833333333,,01/01/2026,02:30:00,18,3,MZS_065,14.5,14.6,14.6,14.56666667,0.057735027,15.6,15.7,15.6,15.63333333,0.057735027,16.5,16.6,16.6,16.56666667,0.057735027,
MZS25_004,CCO,Dark,0.6,15.66666667,,01/01/2026,14:20:00,18,3,MZS_065,13.2,13.1,13.1,13.13333333,0.057735027,15.6,15.4,15.6,15.53333333,0.115470054,17.4,17.4,17.3,17.36666667,0.057735027,
MZS25_004,CCO,Dark,0.9,0,,31/12/2025,22:40:00,19,4,MZS_066,18.5,19.8,19.8,19.36666667,0.75055535,18.4,18.5,18.6,18.5,0.1,19.8,19.8,19.8,19.8,0,
MZS25_004,CCO,Dark,0.3,0.333333333,,31/12/2025,23:00:00,19,4,MZS_066,18.3,18.4,18.3,18.33333333,0.057735027,18.4,18.4,18.4,18.4,0,18.6,18.6,18.8,18.66666667,0.115470054,
MZS25_004,CCO,Dark,0.7,1.083333333,,31/12/2025,23:45:00,19,4,MZS_066,17.1,17.2,17.2,17.16666667,0.057735027,16.8,17,17.1,16.96666667,0.152752523,17.4,17.5,17.6,17.5,0.1,
MZS25_004,CCO,Dark,0.3,2.75,,01/01/2026,01:25:00,19,4,MZS_066,16.4,16.6,16.6,16.53333333,0.115470054,16.7,16.6,16.8,16.7,0.1,17.7,17.7,17.6,17.66666667,0.057735027,
MZS25_004,CCO,Dark,0.1,3.833333333,,01/01/2026,02:30:00,19,4,MZS_066,15.5,15.7,15.5,15.56666667,0.115470054,15.9,16,16.1,16,0.1,17.1,16.8,17,16.96666667,0.152752523,
MZS25_004,CCO,Dark,0.6,15.66666667,,01/01/2026,14:20:00,19,4,MZS_066,14.8,14.9,14.8,14.83333333,0.057735027,16.7,16.7,16.7,16.7,0,17.9,17.9,17.9,17.9,0,
MZS25_005,ICE,Light,1.2,0,,31/12/2025,21:10:00,1,1,MZS_051,,,,,,16.2,16.3,16.2,16.23333333,0.057735027,,,,,,
MZS25_005,ICE,Light,1.9,1.333333333,,31/12/2025,22:30:00,1,1,MZS_051,,,,,,16,16.2,16.3,16.16666667,0.152752523,,,,,,
MZS25_005,ICE,Light,0.4,2.583333333,,31/12/2025,23:45:00,1,1,MZS_051,,,,,,15.4,15.5,15.4,15.43333333,0.057735027,,,,,,
MZS25_005,ICE,Light,0.2,4.25,,01/01/2026,01:25:00,1,1,MZS_051,,,,,,15.5,15.5,15.5,15.5,0,,,,,,
MZS25_005,ICE,Light,0.4,5.333333333,,01/01/2026,02:30:00,1,1,MZS_051,,,,,,15,15.1,15.1,15.06666667,0.057735027,,,,,,
MZS25_005,ICE,Light,1.2,0,,31/12/2025,21:10:00,2,2,MZS_052,,,,,,16.2,16.2,16.3,16.23333333,0.057735027,,,,,,
MZS25_005,ICE,Light,1.9,1.333333333,,31/12/2025,22:30:00,2,2,MZS_052,,,,,,15.9,16,15.9,15.93333333,0.057735027,,,,,,
MZS25_005,ICE,Light,0.4,2.583333333,,31/12/2025,23:45:00,2,2,MZS_052,,,,,,15.2,15.2,15.1,15.16666667,0.057735027,,,,,,
MZS25_005,ICE,Light,0.2,4.25,,01/01/2026,01:25:00,2,2,MZS_052,,,,,,14.8,14.8,14.8,14.8,2.18E+15,,,,,,
MZS25_005,ICE,Light,0.4,5.333333333,,01/01/2026,02:30:00,2,2,MZS_052,,,,,,14.8,14.9,14.9,14.86666667,0.057735027,,,,,,
MZS25_005,ICE,Light,1.2,0,,31/12/2025,21:10:00,3,3,MZS_053,,,,,,16.1,16.2,16.1,16.13333333,0.057735027,,,,,,
MZS25_005,ICE,Light,1.9,1.333333333,,31/12/2025,22:30:00,3,3,MZS_053,,,,,,15.6,15.8,15.8,15.73333333,0.115470054,,,,,,
MZS25_005,ICE,Light,0.4,2.583333333,,31/12/2025,23:45:00,3,3,MZS_053,,,,,,15.5,15.7,15.8,15.66666667,0.152752523,,,,,,
MZS25_005,ICE,Light,0.2,4.25,,01/01/2026,01:25:00,3,3,MZS_053,,,,,,15.5,15.5,15.5,15.5,0,,,,,,
MZS25_005,ICE,Light,0.4,5.333333333,,01/01/2026,02:30:00,3,3,MZS_053,,,,,,15.3,15.4,15.5,15.4,0.1,,,,,,
MZS25_005,ICE,Light,1.2,0,,31/12/2025,21:10:00,4,4,MZS_054,,,,,,16.5,16.6,16.6,16.56666667,0.057735027,,,,,,
MZS25_005,ICE,Light,1.9,1.333333333,,31/12/2025,22:30:00,4,4,MZS_054,,,,,,16.3,16.4,16.4,16.36666667,0.057735027,,,,,,
MZS25_005,ICE,Light,0.4,2.583333333,,31/12/2025,23:45:00,4,4,MZS_054,,,,,,15.4,15.5,15.5,15.46666667,0.057735027,,,,,,
MZS25_005,ICE,Light,0.2,4.25,,01/01/2026,01:25:00,4,4,MZS_054,,,,,,15.1,15.3,15.4,15.26666667,0.152752523,,,,,,
MZS25_005,ICE,Light,0.4,5.333333333,,01/01/2026,02:30:00,4,4,MZS_054,,,,,,15.4,15.4,15.4,15.4,0,,,,,,
MZS25_005,ICE,Dark,1.1,0,,31/12/2025,21:10:00,6,1,MZS_055,,,,,,16.2,16.3,16.3,16.26666667,0.057735027,,,,,,
MZS25_005,ICE,Dark,0.4,1.333333333,,31/12/2025,22:30:00,6,1,MZS_055,,,,,,16,16.1,16.1,16.06666667,0.057735027,,,,,,
MZS25_005,ICE,Dark,0.2,2.583333333,,31/12/2025,23:45:00,6,1,MZS_055,,,,,,15.2,15.4,15.4,15.33333333,0.115470054,,,,,,
MZS25_005,ICE,Dark,0.1,4.25,,01/01/2026,01:25:00,6,1,MZS_055,,,,,,15.7,15.8,15.8,15.76666667,0.057735027,,,,,,
MZS25_005,ICE,Dark,0.2,5.333333333,,01/01/2026,02:30:00,6,1,MZS_055,,,,,,15.2,15.2,15.2,15.2,2.18E+15,,,,,,
MZS25_005,ICE,Dark,0.7,17.16666667,,01/01/2026,14:20:00,6,1,MZS_055,,,,,,15.7,15.8,15.8,15.76666667,0.057735027,,,,,,
MZS25_005,ICE,Dark,1.1,0,,31/12/2025,21:10:00,7,2,MZS_056,,,,,,15.9,16,16,15.96666667,0.057735027,,,,,,
MZS25_005,ICE,Dark,0.4,1.333333333,,31/12/2025,22:30:00,7,2,MZS_056,,,,,,15.6,15.7,15.7,15.66666667,0.057735027,,,,,,
MZS25_005,ICE,Dark,0.2,2.583333333,,31/12/2025,23:45:00,7,2,MZS_056,,,,,,15.7,15.8,15.8,15.76666667,0.057735027,,,,,,
MZS25_005,ICE,Dark,0.1,4.25,,01/01/2026,01:25:00,7,2,MZS_056,,,,,,16,16.1,16,16.03333333,0.057735027,,,,,,
MZS25_005,ICE,Dark,0.2,5.333333333,,01/01/2026,02:30:00,7,2,MZS_056,,,,,,15.9,15.9,16,15.93333333,0.057735027,,,,,,
MZS25_005,ICE,Dark,0.7,17.16666667,,01/01/2026,14:20:00,7,2,MZS_056,,,,,,16.1,16.2,16.2,16.16666667,0.057735027,,,,,,
MZS25_005,ICE,Dark,1.1,0,,31/12/2025,21:10:00,8,3,MZS_057,,,,,,15.6,15.7,15.7,15.66666667,0.057735027,,,,,,
MZS25_005,ICE,Dark,0.4,1.333333333,,31/12/2025,22:30:00,8,3,MZS_057,,,,,,15.7,15.8,15.8,15.76666667,0.057735027,,,,,,
MZS25_005,ICE,Dark,0.2,2.583333333,,31/12/2025,23:45:00,8,3,MZS_057,,,,,,15.3,15.5,15.6,15.46666667,0.152752523,,,,,,
MZS25_005,ICE,Dark,0.1,4.25,,01/01/2026,01:25:00,8,3,MZS_057,,,,,,15.6,15.7,15.7,15.66666667,0.057735027,,,,,,
MZS25_005,ICE,Dark,0.2,5.333333333,,01/01/2026,02:30:00,8,3,MZS_057,,,,,,15.4,15.5,15.5,15.46666667,0.057735027,,,,,,
MZS25_005,ICE,Dark,0.7,17.16666667,,01/01/2026,14:20:00,8,3,MZS_057,,,,,,15.2,15.3,15.3,15.26666667,0.057735027,,,,,,
MZS25_005,ICE,Dark,1.1,0,,31/12/2025,21:10:00,9,4,MZS_058,,,,,,16.2,16.1,16.1,16.13333333,0.057735027,,,,,,
MZS25_005,ICE,Dark,0.4,1.333333333,,31/12/2025,22:30:00,9,4,MZS_058,,,,,,15.2,15.2,15.2,15.2,2.18E+15,,,,,,
MZS25_005,ICE,Dark,0.2,2.583333333,,31/12/2025,23:45:00,9,4,MZS_058,,,,,,15.9,15.9,15.9,15.9,0,,,,,,
MZS25_005,ICE,Dark,0.1,4.25,,01/01/2026,01:25:00,9,4,MZS_058,,,,,,16.1,16.1,16.1,16.1,0,,,,,,
MZS25_005,ICE,Dark,0.2,5.333333333,,01/01/2026,02:30:00,9,4,MZS_058,,,,,,16.1,16.2,16.2,16.16666667,0.057735027,,,,,,
MZS25_005,ICE,Dark,0.6,17.16666667,,01/01/2026,14:20:00,9,4,MZS_058,,,,,,15.5,15.6,15.7,15.6,0.1,,,,,,
MZS25_006.1,DRY SOIL,Light,4.2,0,,06/01/2026,16:23:00,1,1,MZS_067,19,19.3,19.4,19.23333333,0.2081666,21.5,21.6,21.6,21.56666667,0.057735027,,,,,,Sample weight: 5.12g. Temperature weight: 5.32g.
MZS25_006.1,DRY SOIL,Light,3,0.416666667,3.9,06/01/2026,16:48:00,1,1,MZS_067,21.3,21.6,21.9,21.6,0.3,22.5,22.5,22.5,22.5,0,,,,,,Sample weight: 5.12g. Temperature weight: 5.32g.
MZS25_006.1,DRY SOIL,Light,3.5,0.95,3.7,06/01/2026,17:20:00,1,1,MZS_067,19.4,19.5,19.7,19.53333333,0.152752523,20.8,20.7,20.9,20.8,0.1,,,,,,Sample weight: 5.12g. Temperature weight: 5.32g.
MZS25_006.1,DRY SOIL,Light,6.1,1.616666667,4.3,06/01/2026,18:00:00,1,1,MZS_067,20.5,20.9,21.1,20.83333333,0.305505046,21.2,21.4,21.3,21.3,0.1,,,,,,Sample weight: 5.12g. Temperature weight: 5.32g.
MZS25_006.1,DRY SOIL,Light,2,2.616666667,4,06/01/2026,19:00:00,1,1,MZS_067,20.2,20.7,20.8,20.56666667,0.321455025,21,21.1,21.1,21.06666667,0.057735027,,,,,,Sample weight: 5.12g. Temperature weight: 5.32g.
MZS25_006.1,DRY SOIL,Light,3.7,4.616666667,4.4,06/01/2026,21:00:00,1,1,MZS_067,19.7,20,20.1,19.93333333,0.2081666,20.3,20.5,20.5,20.43333333,0.115470054,,,,,,Sample weight: 5.12g. Temperature weight: 5.32g.
MZS25_006.1,DRY SOIL,Light,4,6.616666667,2.9,06/01/2026,23:00:00,1,1,MZS_067,18.2,18.5,18.7,18.46666667,0.251661148,19,19.1,19.2,19.1,0.1,,,,,,Sample weight: 5.12g. Temperature weight: 5.32g.
MZS25_006.1,DRY SOIL,Light,4,8.616666667,1.8,07/01/2026,01:00:00,1,1,MZS_067,18.9,19.1,19.3,19.1,0.2,19,19.3,19.2,19.16666667,0.152752523,,,,,,Sample weight: 5.12g. Temperature weight: 5.32g.
MZS25_006.1,DRY SOIL,Light,4.2,0,,06/01/2026,16:23:00,2,2,MZS_068,19.9,20,20,19.96666667,0.057735027,20.9,21,21.2,21.03333333,0.152752523,,,,,,Sample weight: 5.64g. Temperature weight: 5.32g.
MZS25_006.1,DRY SOIL,Light,3,0.416666667,3.9,06/01/2026,16:48:00,2,2,MZS_068,21.1,21.1,21.1,21.1,0,21.6,21.7,21.6,21.63333333,0.057735027,,,,,,Sample weight: 5.64g. Temperature weight: 5.32g.
MZS25_006.1,DRY SOIL,Light,3.5,0.95,3.7,06/01/2026,17:20:00,2,2,MZS_068,20.8,20.7,20.9,20.8,0.1,21.8,21.9,22.1,21.93333333,0.152752523,,,,,,Sample weight: 5.64g. Temperature weight: 5.32g.
MZS25_006.1,DRY SOIL,Light,6.1,1.616666667,4.3,06/01/2026,18:00:00,2,2,MZS_068,21.2,21.6,21.5,21.43333333,0.2081666,22.4,22.3,22.4,22.36666667,0.057735027,,,,,,Sample weight: 5.64g. Temperature weight: 5.32g.
MZS25_006.1,DRY SOIL,Light,2,2.616666667,4,06/01/2026,19:00:00,2,2,MZS_068,20.3,20.4,20.3,20.33333333,0.057735027,21.1,21.2,21.3,21.2,0.1,,,,,,Sample weight: 5.64g. Temperature weight: 5.32g.
MZS25_006.1,DRY SOIL,Light,3.7,4.616666667,4.4,06/01/2026,21:00:00,2,2,MZS_068,20.3,20.3,20.4,20.33333333,0.057735027,20.3,20.7,20.9,20.63333333,0.305505046,,,,,,Sample weight: 5.64g. Temperature weight: 5.32g.
MZS25_006.1,DRY SOIL,Light,4,6.616666667,2.9,06/01/2026,23:00:00,2,2,MZS_068,19.2,19.4,19.5,19.36666667,0.152752523,19.4,19.6,19.7,19.56666667,0.152752523,,,,,,Sample weight: 5.64g. Temperature weight: 5.32g.
MZS25_006.1,DRY SOIL,Light,4,8.616666667,1.8,07/01/2026,01:00:00,2,2,MZS_068,19.3,19.6,19.6,19.5,0.173205081,19.7,19.8,19.9,19.8,0.1,,,,,,Sample weight: 5.64g. Temperature weight: 5.32g.
MZS25_006.1,DRY SOIL,Light,4.2,0,,06/01/2026,16:23:00,3,3,MZS_069,19.6,19.9,19.9,19.8,0.173205081,20.4,20.5,20.3,20.4,0.1,,,,,,Sample weight: 4.98g. Temperature weight: 5.32g.
MZS25_006.1,DRY SOIL,Light,3,0.416666667,3.9,06/01/2026,16:48:00,3,3,MZS_069,20.2,20.4,20.6,20.4,0.2,21.4,21.2,21.3,21.3,0.1,,,,,,Sample weight: 4.98g. Temperature weight: 5.32g.
MZS25_006.1,DRY SOIL,Light,3.5,0.95,3.7,06/01/2026,17:20:00,3,3,MZS_069,19.6,19.9,19.7,19.73333333,0.152752523,20.4,20.4,20.5,20.43333333,0.057735027,,,,,,Sample weight: 4.98g. Temperature weight: 5.32g.
MZS25_006.1,DRY SOIL,Light,6.1,1.616666667,4.3,06/01/2026,18:00:00,3,3,MZS_069,21.4,21.5,21.7,21.53333333,0.152752523,21.9,22.1,22.2,22.06666667,0.152752523,,,,,,Sample weight: 4.98g. Temperature weight: 5.32g.
MZS25_006.1,DRY SOIL,Light,2,2.616666667,4,06/01/2026,19:00:00,3,3,MZS_069,20.3,20.4,20.5,20.4,0.1,20.3,20.4,20.3,20.33333333,0.057735027,,,,,,Sample weight: 4.98g. Temperature weight: 5.32g.
MZS25_006.1,DRY SOIL,Light,3.7,4.616666667,4.4,06/01/2026,21:00:00,3,3,MZS_069,20.9,21,21,20.96666667,0.057735027,20.6,20.7,20.6,20.63333333,0.057735027,,,,,,Sample weight: 4.98g. Temperature weight: 5.32g.
MZS25_006.1,DRY SOIL,Light,4,6.616666667,2.9,06/01/2026,23:00:00,3,3,MZS_069,20.2,20.3,20.4,20.3,0.1,19.6,19.9,19.8,19.76666667,0.152752523,,,,,,Sample weight: 4.98g. Temperature weight: 5.32g.
MZS25_006.1,DRY SOIL,Light,4,8.616666667,1.8,07/01/2026,01:00:00,3,3,MZS_069,19.2,19.3,19.4,19.3,0.1,19.1,19.3,19.4,19.26666667,0.152752523,,,,,,Sample weight: 4.98g. Temperature weight: 5.32g.
MZS25_006.1,DRY SOIL,Dark,5.3,0,,06/01/2026,16:23:00,5,1,MZS_070,18.4,18.6,18.6,18.53333333,0.115470054,20.9,21,21.1,21,0.1,,,,,,Sample weight: 5.17g. Temperature weight: 5.15g.
MZS25_006.1,DRY SOIL,Dark,3,0.416666667,,06/01/2026,16:48:00,5,1,MZS_070,20.2,20.1,20.1,20.13333333,0.057735027,20.6,20.8,20.8,20.73333333,0.115470054,,,,,,Sample weight: 5.17g. Temperature weight: 5.15g.
MZS25_006.1,DRY SOIL,Dark,2.4,0.95,,06/01/2026,17:20:00,5,1,MZS_070,19.5,19.5,19.6,19.53333333,0.057735027,19.4,19.6,19.6,19.53333333,0.115470054,,,,,,Sample weight: 5.17g. Temperature weight: 5.15g.
MZS25_006.1,DRY SOIL,Dark,2.5,1.616666667,,06/01/2026,18:00:00,5,1,MZS_070,19.2,19.6,19.4,19.4,0.2,19.2,19.4,19.4,19.33333333,0.115470054,,,,,,Sample weight: 5.17g. Temperature weight: 5.15g.
MZS25_006.1,DRY SOIL,Dark,2.8,2.616666667,,06/01/2026,19:00:00,5,1,MZS_070,19.5,19.5,19.5,19.5,0,19.2,19.4,19.5,19.36666667,0.152752523,,,,,,Sample weight: 5.17g. Temperature weight: 5.15g.
MZS25_006.1,DRY SOIL,Dark,3,4.616666667,,06/01/2026,21:00:00,5,1,MZS_070,19.1,19.4,19.4,19.3,0.173205081,19.6,20,19.9,19.83333333,0.2081666,,,,,,Sample weight: 5.17g. Temperature weight: 5.15g.
MZS25_006.1,DRY SOIL,Dark,2.6,6.616666667,,06/01/2026,23:00:00,5,1,MZS_070,19.6,19.8,20.2,19.86666667,0.305505046,19.3,19.5,19.5,19.43333333,0.115470054,,,,,,Sample weight: 5.17g. Temperature weight: 5.15g.
MZS25_006.1,DRY SOIL,Dark,2.7,8.616666667,,07/01/2026,01:00:00,5,1,MZS_070,19.3,19.5,19.8,19.53333333,0.251661148,20.2,20.3,20.4,20.3,0.1,,,,,,Sample weight: 5.17g. Temperature weight: 5.15g.
MZS25_006.1,DRY SOIL,Dark,5.3,0,,06/01/2026,16:23:00,6,2,MZS_071,19.3,19.7,19.8,19.6,0.264575131,20.6,20.4,20.4,20.46666667,0.115470054,,,,,,Sample weight: 5.30g. Temperature weight: 5.15g.
MZS25_006.1,DRY SOIL,Dark,3,0.416666667,,06/01/2026,16:48:00,6,2,MZS_071,20.1,20.3,20.4,20.26666667,0.152752523,20.5,20.6,20.6,20.56666667,0.057735027,,,,,,Sample weight: 5.30g. Temperature weight: 5.15g.
MZS25_006.1,DRY SOIL,Dark,2.4,0.95,,06/01/2026,17:20:00,6,2,MZS_071,21.1,21.4,21.5,21.33333333,0.2081666,20.7,20.8,20.8,20.76666667,0.057735027,,,,,,Sample weight: 5.30g. Temperature weight: 5.15g.
MZS25_006.1,DRY SOIL,Dark,2.5,1.616666667,,06/01/2026,18:00:00,6,2,MZS_071,20.1,20.6,20.5,20.4,0.264575131,20,20.3,20.4,20.23333333,0.2081666,,,,,,Sample weight: 5.30g. Temperature weight: 5.15g.
MZS25_006.1,DRY SOIL,Dark,2.8,2.616666667,,06/01/2026,19:00:00,6,2,MZS_071,19.7,20.3,20.5,20.16666667,0.4163332,19.9,20,20.1,20,0.1,,,,,,Sample weight: 5.30g. Temperature weight: 5.15g.
MZS25_006.1,DRY SOIL,Dark,3,4.616666667,,06/01/2026,21:00:00,6,2,MZS_071,20.6,20.7,21.1,20.8,0.264575131,20.5,20.8,20.8,20.7,0.173205081,,,,,,Sample weight: 5.30g. Temperature weight: 5.15g.
MZS25_006.1,DRY SOIL,Dark,2.6,6.616666667,,06/01/2026,23:00:00,6,2,MZS_071,20.8,21,21.5,21.1,0.360555128,20.1,20.3,20.4,20.26666667,0.152752523,,,,,,Sample weight: 5.30g. Temperature weight: 5.15g.
MZS25_006.1,DRY SOIL,Dark,2.7,8.616666667,,07/01/2026,01:00:00,6,2,MZS_071,20.8,21,21.2,21,0.2,20.3,20.5,20.5,20.43333333,0.115470054,,,,,,Sample weight: 5.30g. Temperature weight: 5.15g.
MZS25_006.1,DRY SOIL,Dark,5.3,0,,06/01/2026,16:23:00,7,3,MZS_072,19.7,20,20.1,19.93333333,0.2081666,20.7,20.9,20.9,20.83333333,0.115470054,,,,,,Sample weight: 5.51g. Temperature weight: 5.15g.
MZS25_006.1,DRY SOIL,Dark,3,0.416666667,,06/01/2026,16:48:00,7,3,MZS_072,19.7,20,20.1,19.93333333,0.2081666,20.4,20.3,20.2,20.3,0.1,,,,,,Sample weight: 5.51g. Temperature weight: 5.15g.
MZS25_006.1,DRY SOIL,Dark,2.4,0.95,,06/01/2026,17:20:00,7,3,MZS_072,20.3,20.4,20.5,20.4,0.1,20.1,20.4,20.4,20.3,0.173205081,,,,,,Sample weight: 5.51g. Temperature weight: 5.15g.
MZS25_006.1,DRY SOIL,Dark,2.5,1.616666667,,06/01/2026,18:00:00,7,3,MZS_072,20.1,20.3,20.4,20.26666667,0.152752523,20,20.1,20.1,20.06666667,0.057735027,,,,,,Sample weight: 5.51g. Temperature weight: 5.15g.
MZS25_006.1,DRY SOIL,Dark,2.8,2.616666667,,06/01/2026,19:00:00,7,3,MZS_072,20.4,20.5,20.6,20.5,0.1,19.9,20,20.1,20,0.1,,,,,,Sample weight: 5.51g. Temperature weight: 5.15g.
MZS25_006.1,DRY SOIL,Dark,3,4.616666667,,06/01/2026,21:00:00,7,3,MZS_072,20,20.2,20.5,20.23333333,0.251661148,20.1,20.5,20.6,20.4,0.264575131,,,,,,Sample weight: 5.51g. Temperature weight: 5.15g.
MZS25_006.1,DRY SOIL,Dark,2.6,6.616666667,,06/01/2026,23:00:00,7,3,MZS_072,20.7,20.9,21,20.86666667,0.152752523,20,20.1,20.1,20.06666667,0.057735027,,,,,,Sample weight: 5.51g. Temperature weight: 5.15g.
MZS25_006.1,DRY SOIL,Dark,2.7,8.616666667,,07/01/2026,01:00:00,7,3,MZS_072,19.9,20.4,20.6,20.3,0.360555128,20.1,20.2,20.2,20.16666667,0.057735027,,,,,,Sample weight: 5.51g. Temperature weight: 5.15g.
MZS25_006.2,WET SOIL,Light,2.3,0,,06/01/2026,16:23:00,9,1,MZS_073,17.8,17.5,17.6,17.63333333,0.152752523,22.3,22.4,22.5,22.4,0.1,,,,,,Sample weight: 5.19g. Filtered MiliQ: 1.5 mL. Temperature weight: 5.25g.
MZS25_006.2,WET SOIL,Light,1.9,0.416666667,3.9,06/01/2026,16:48:00,9,1,MZS_073,18.5,18.7,18.9,18.7,0.2,22.2,22.3,22.4,22.3,0.1,,,,,,Sample weight: 5.19g. Filtered MiliQ: 1.5 mL. Temperature weight: 5.25g.
MZS25_006.2,WET SOIL,Light,1,0.95,3.7,06/01/2026,17:20:00,9,1,MZS_073,19.2,19.3,19.2,19.23333333,0.057735027,22.4,22.5,22.5,22.46666667,0.057735027,,,,,,Sample weight: 5.19g. Filtered MiliQ: 1.5 mL. Temperature weight: 5.25g.
MZS25_006.2,WET SOIL,Light,3.5,1.616666667,4.3,06/01/2026,18:00:00,9,1,MZS_073,17.7,18.1,18.2,18,0.264575131,20.6,20.9,21,20.83333333,0.2081666,,,,,,Sample weight: 5.19g. Filtered MiliQ: 1.5 mL. Temperature weight: 5.25g.
MZS25_006.2,WET SOIL,Light,1,2.616666667,4,06/01/2026,19:00:00,9,1,MZS_073,18.6,18.9,19,18.83333333,0.2081666,20.6,20.8,20.9,20.76666667,0.152752523,,,,,,Sample weight: 5.19g. Filtered MiliQ: 1.5 mL. Temperature weight: 5.25g.
MZS25_006.2,WET SOIL,Light,2.4,4.616666667,4.4,06/01/2026,21:00:00,9,1,MZS_073,18.9,19,19.1,19,0.1,20.8,20.9,20.9,20.86666667,0.057735027,,,,,,Sample weight: 5.19g. Filtered MiliQ: 1.5 mL. Temperature weight: 5.25g.
MZS25_006.2,WET SOIL,Light,2.8,6.616666667,2.9,06/01/2026,23:00:00,9,1,MZS_073,19.2,19.4,19.5,19.36666667,0.152752523,20.1,20.3,20.3,20.23333333,0.115470054,,,,,,Sample weight: 5.19g. Filtered MiliQ: 1.5 mL. Temperature weight: 5.25g.
MZS25_006.2,WET SOIL,Light,1.5,8.616666667,1.8,07/01/2026,01:00:00,9,1,MZS_073,19.1,19.3,19.4,19.26666667,0.152752523,20.7,20.8,20.9,20.8,0.1,,,,,,Sample weight: 5.19g. Filtered MiliQ: 1.5 mL. Temperature weight: 5.25g.
MZS25_006.2,WET SOIL,Light,2.3,0,,06/01/2026,16:23:00,10,2,MZS_074,16.2,16.3,16.4,16.3,0.1,21.4,21.7,21.7,21.6,0.173205081,,,,,,Sample weight: 5.30g. Filtered MiliQ: 1.5 mL. Temperature weight: 5.25g.
MZS25_006.2,WET SOIL,Light,1.9,0.416666667,3.9,06/01/2026,16:48:00,10,2,MZS_074,19.3,19.4,19.4,19.36666667,0.057735027,22.1,22.4,22.1,22.2,0.173205081,,,,,,Sample weight: 5.30g. Filtered MiliQ: 1.5 mL. Temperature weight: 5.25g.
MZS25_006.2,WET SOIL,Light,1,0.95,3.7,06/01/2026,17:20:00,10,2,MZS_074,18.7,18.5,18.7,18.63333333,0.115470054,21.6,21.8,21.8,21.73333333,0.115470054,,,,,,Sample weight: 5.30g. Filtered MiliQ: 1.5 mL. Temperature weight: 5.25g.
MZS25_006.2,WET SOIL,Light,3.5,1.616666667,4.3,06/01/2026,18:00:00,10,2,MZS_074,20.5,20.7,20.8,20.66666667,0.152752523,21.8,21.9,21.9,21.86666667,0.057735027,,,,,,Sample weight: 5.30g. Filtered MiliQ: 1.5 mL. Temperature weight: 5.25g.
MZS25_006.2,WET SOIL,Light,1,2.616666667,4,06/01/2026,19:00:00,10,2,MZS_074,19.8,20,20,19.93333333,0.115470054,21.3,21.4,21.4,21.36666667,0.057735027,,,,,,Sample weight: 5.30g. Filtered MiliQ: 1.5 mL. Temperature weight: 5.25g.
MZS25_006.2,WET SOIL,Light,2.4,4.616666667,4.4,06/01/2026,21:00:00,10,2,MZS_074,20.3,20.4,20.5,20.4,0.1,20.7,20.8,21,20.83333333,0.152752523,,,,,,Sample weight: 5.30g. Filtered MiliQ: 1.5 mL. Temperature weight: 5.25g.
MZS25_006.2,WET SOIL,Light,2.8,6.616666667,2.9,06/01/2026,23:00:00,10,2,MZS_074,19.4,19.6,19.6,19.53333333,0.115470054,20.3,20.4,20.5,20.4,0.1,,,,,,Sample weight: 5.30g. Filtered MiliQ: 1.5 mL. Temperature weight: 5.25g.
MZS25_006.2,WET SOIL,Light,1.5,8.616666667,1.8,07/01/2026,01:00:00,10,2,MZS_074,19.9,20,20.1,20,0.1,20.6,20.8,20.9,20.76666667,0.152752523,,,,,,Sample weight: 5.30g. Filtered MiliQ: 1.5 mL. Temperature weight: 5.25g.
MZS25_006.2,WET SOIL,Light,2.3,0,,06/01/2026,16:23:00,11,3,MZS_075,16.1,16.6,16.8,16.5,0.360555128,23.6,23.2,23.4,23.4,0.2,,,,,,Sample weight: 5.02g. Filtered MiliQ: 1.5 mL. Temperature weight: 5.25g.
MZS25_006.2,WET SOIL,Light,1.9,0.416666667,3.9,06/01/2026,16:48:00,11,3,MZS_075,17.4,17.6,17.4,17.46666667,0.115470054,22,22,21.8,21.93333333,0.115470054,,,,,,Sample weight: 5.02g. Filtered MiliQ: 1.5 mL. Temperature weight: 5.25g.
MZS25_006.2,WET SOIL,Light,1,0.95,3.7,06/01/2026,17:20:00,11,3,MZS_075,19.8,20.1,20.2,20.03333333,0.2081666,22.1,22.4,22.4,22.3,0.173205081,,,,,,Sample weight: 5.02g. Filtered MiliQ: 1.5 mL. Temperature weight: 5.25g.
MZS25_006.2,WET SOIL,Light,3.5,1.616666667,4.3,06/01/2026,18:00:00,11,3,MZS_075,20.2,20.2,20.4,20.26666667,0.115470054,21.5,21.7,21.7,21.63333333,0.115470054,,,,,,Sample weight: 5.02g. Filtered MiliQ: 1.5 mL. Temperature weight: 5.25g.
MZS25_006.2,WET SOIL,Light,1,2.616666667,4,06/01/2026,19:00:00,11,3,MZS_075,20.3,20.4,20.5,20.4,0.1,21.5,21.6,21.6,21.56666667,0.057735027,,,,,,Sample weight: 5.02g. Filtered MiliQ: 1.5 mL. Temperature weight: 5.25g.
MZS25_006.2,WET SOIL,Light,2.4,4.616666667,4.4,06/01/2026,21:00:00,11,3,MZS_075,19.3,19.4,19.4,19.36666667,0.057735027,20.5,20.7,20.6,20.6,0.1,,,,,,Sample weight: 5.02g. Filtered MiliQ: 1.5 mL. Temperature weight: 5.25g.
MZS25_006.2,WET SOIL,Light,2.8,6.616666667,2.9,06/01/2026,23:00:00,11,3,MZS_075,19.2,19.5,19.4,19.36666667,0.152752523,20.3,20.3,20.3,20.3,0,,,,,,Sample weight: 5.02g. Filtered MiliQ: 1.5 mL. Temperature weight: 5.25g.
MZS25_006.2,WET SOIL,Light,1.5,8.616666667,1.8,07/01/2026,01:00:00,11,3,MZS_075,19.5,19.9,19.8,19.73333333,0.2081666,20.9,21.2,21.2,21.1,0.173205081,,,,,,Sample weight: 5.02g. Filtered MiliQ: 1.5 mL. Temperature weight: 5.25g.
MZS25_006.2,WET SOIL,Dark,1,0,,06/01/2026,16:23:00,13,1,MZS_076,16,16.2,16.4,16.2,0.2,22.6,22.7,22.7,22.66666667,0.057735027,,,,,,Sample weight: 5.37g. Filtered MiliQ: 1.5 mL. Temperature weight: 5.05g.
MZS25_006.2,WET SOIL,Dark,1.3,0.416666667,,06/01/2026,16:48:00,13,1,MZS_076,18.1,18.2,18.2,18.16666667,0.057735027,21.6,21.8,22,21.8,0.2,,,,,,Sample weight: 5.37g. Filtered MiliQ: 1.5 mL. Temperature weight: 5.05g.
MZS25_006.2,WET SOIL,Dark,1.8,0.95,,06/01/2026,17:20:00,13,1,MZS_076,17.9,18.1,18.5,18.16666667,0.305505046,21.2,21.1,21,21.1,0.1,,,,,,Sample weight: 5.37g. Filtered MiliQ: 1.5 mL. Temperature weight: 5.05g.
MZS25_006.2,WET SOIL,Dark,1.4,1.616666667,,06/01/2026,18:00:00,13,1,MZS_076,19,19.1,19.1,19.06666667,0.057735027,20.8,21,21.1,20.96666667,0.152752523,,,,,,Sample weight: 5.37g. Filtered MiliQ: 1.5 mL. Temperature weight: 5.05g.
MZS25_006.2,WET SOIL,Dark,1.3,2.616666667,,06/01/2026,19:00:00,13,1,MZS_076,19.5,19.7,19.7,19.63333333,0.115470054,21.5,21.6,21.7,21.6,0.1,,,,,,Sample weight: 5.37g. Filtered MiliQ: 1.5 mL. Temperature weight: 5.05g.
MZS25_006.2,WET SOIL,Dark,1.9,4.616666667,,06/01/2026,21:00:00,13,1,MZS_076,20.5,20.6,20.7,20.6,0.1,22.6,22.5,22.8,22.63333333,0.152752523,,,,,,Sample weight: 5.37g. Filtered MiliQ: 1.5 mL. Temperature weight: 5.05g.
MZS25_006.2,WET SOIL,Dark,0.8,6.616666667,,06/01/2026,23:00:00,13,1,MZS_076,19.6,19.7,19.8,19.7,0.1,20.9,21.2,21.2,21.1,0.173205081,,,,,,Sample weight: 5.37g. Filtered MiliQ: 1.5 mL. Temperature weight: 5.05g.
MZS25_006.2,WET SOIL,Dark,1.9,8.616666667,,07/01/2026,01:00:00,13,1,MZS_076,20.1,20.3,20.6,20.33333333,0.251661148,20.6,20.9,21,20.83333333,0.2081666,,,,,,Sample weight: 5.37g. Filtered MiliQ: 1.5 mL. Temperature weight: 5.05g.
MZS25_006.2,WET SOIL,Dark,1,0,,06/01/2026,16:23:00,14,2,MZS_077,16.8,17,17.1,16.96666667,0.152752523,21.8,21.9,21.9,21.86666667,0.057735027,,,,,,Sample weight: 5.29g. Filtered MiliQ: 1.5 mL. Temperature weight: 5.05g.
MZS25_006.2,WET SOIL,Dark,1.3,0.416666667,,06/01/2026,16:48:00,14,2,MZS_077,17.8,17.9,17.9,17.86666667,0.057735027,21.9,22,22.1,22,0.1,,,,,,Sample weight: 5.29g. Filtered MiliQ: 1.5 mL. Temperature weight: 5.05g.
MZS25_006.2,WET SOIL,Dark,1.8,0.95,,06/01/2026,17:20:00,14,2,MZS_077,18.5,18.4,18.8,18.56666667,0.2081666,20.3,20.5,20.6,20.46666667,0.152752523,,,,,,Sample weight: 5.29g. Filtered MiliQ: 1.5 mL. Temperature weight: 5.05g.
MZS25_006.2,WET SOIL,Dark,1.4,1.616666667,,06/01/2026,18:00:00,14,2,MZS_077,19.6,19.9,19.8,19.76666667,0.152752523,20.6,20.7,20.9,20.73333333,0.152752523,,,,,,Sample weight: 5.29g. Filtered MiliQ: 1.5 mL. Temperature weight: 5.05g.
MZS25_006.2,WET SOIL,Dark,1.3,2.616666667,,06/01/2026,19:00:00,14,2,MZS_077,19.9,20.2,20.2,20.1,0.173205081,20.2,20.5,20.7,20.46666667,0.251661148,,,,,,Sample weight: 5.29g. Filtered MiliQ: 1.5 mL. Temperature weight: 5.05g.
MZS25_006.2,WET SOIL,Dark,1.9,4.616666667,,06/01/2026,21:00:00,14,2,MZS_077,19.4,19.5,19.5,19.46666667,0.057735027,20.5,20.8,20.9,20.73333333,0.2081666,,,,,,Sample weight: 5.29g. Filtered MiliQ: 1.5 mL. Temperature weight: 5.05g.
MZS25_006.2,WET SOIL,Dark,0.8,6.616666667,,06/01/2026,23:00:00,14,2,MZS_077,20.3,20.5,20.5,20.43333333,0.115470054,20.6,20.8,20.8,20.73333333,0.115470054,,,,,,Sample weight: 5.29g. Filtered MiliQ: 1.5 mL. Temperature weight: 5.05g.
MZS25_006.2,WET SOIL,Dark,1.9,8.616666667,,07/01/2026,01:00:00,14,2,MZS_077,19.4,19.7,20,19.7,0.3,20.3,20.5,20.6,20.46666667,0.152752523,,,,,,Sample weight: 5.29g. Filtered MiliQ: 1.5 mL. Temperature weight: 5.05g.
MZS25_006.2,WET SOIL,Dark,1,0,,06/01/2026,16:23:00,15,3,MZS_078,17.5,17.6,17.6,17.56666667,0.057735027,23.5,23.6,23.5,23.53333333,0.057735027,,,,,,Sample weight: 5.08g. Filtered MiliQ: 1.5 mL. Temperature weight: 5.05g.
MZS25_006.2,WET SOIL,Dark,1.3,0.416666667,,06/01/2026,16:48:00,15,3,MZS_078,18,17.9,18,17.96666667,0.057735027,20,21.2,21.2,20.8,0.692820323,,,,,,Sample weight: 5.08g. Filtered MiliQ: 1.5 mL. Temperature weight: 5.05g.
MZS25_006.2,WET SOIL,Dark,1.8,0.95,,06/01/2026,17:20:00,15,3,MZS_078,18.5,18.8,18.9,18.73333333,0.2081666,20.5,20.8,20.8,20.7,0.173205081,,,,,,Sample weight: 5.08g. Filtered MiliQ: 1.5 mL. Temperature weight: 5.05g.
MZS25_006.2,WET SOIL,Dark,1.4,1.616666667,,06/01/2026,18:00:00,15,3,MZS_078,19.1,19.1,19,19.06666667,0.057735027,20.5,20.7,20.7,20.63333333,0.115470054,,,,,,Sample weight: 5.08g. Filtered MiliQ: 1.5 mL. Temperature weight: 5.05g.
MZS25_006.2,WET SOIL,Dark,1.3,2.616666667,,06/01/2026,19:00:00,15,3,MZS_078,19.2,19.2,19.2,19.2,0,20.6,20.7,20.8,20.7,0.1,,,,,,Sample weight: 5.08g. Filtered MiliQ: 1.5 mL. Temperature weight: 5.05g.
MZS25_006.2,WET SOIL,Dark,1.9,4.616666667,,06/01/2026,21:00:00,15,3,MZS_078,19.6,20,20.1,19.9,0.264575131,20.4,20.7,20.6,20.56666667,0.152752523,,,,,,Sample weight: 5.08g. Filtered MiliQ: 1.5 mL. Temperature weight: 5.05g.
MZS25_006.2,WET SOIL,Dark,0.8,6.616666667,,06/01/2026,23:00:00,15,3,MZS_078,20.6,20.8,20.9,20.76666667,0.152752523,20.8,20.9,21,20.9,0.1,,,,,,Sample weight: 5.08g. Filtered MiliQ: 1.5 mL. Temperature weight: 5.05g.
MZS25_006.2,WET SOIL,Dark,1.9,8.616666667,,07/01/2026,01:00:00,15,3,MZS_078,20.6,20.6,20.7,20.63333333,0.057735027,20.7,20.8,20.5,20.66666667,0.152752523,,,,,,Sample weight: 5.08g. Filtered MiliQ: 1.5 mL. Temperature weight: 5.05g.
MZS25_007,ICE,Light,12,0,,06/01/2026,22:20:00,18,1,MZS_080,,,,,,20.3,20.3,20.3,20.3,0,,,,,,Vials started at ~12°C and now cooled to ~2°C with lid screwed. Temperature change means they became undersaturated hence low values.
MZS25_007,ICE,Light,2.7,0.666666667,2.9,06/01/2026,23:00:00,18,1,MZS_080,,,,,,15.5,15.6,15.6,15.56666667,0.057735027,,,,,,Vials started at ~12°C and now cooled to ~2°C with lid screwed. Temperature change means they became undersaturated hence low values.
MZS25_007,ICE,Light,1.8,1.666666667,2.5,07/01/2026,00:00:00,18,1,MZS_080,,,,,,14.1,14.2,14.3,14.2,0.1,,,,,,Vials started at ~12°C and now cooled to ~2°C with lid screwed. Temperature change means they became undersaturated hence low values.
MZS25_007,ICE,Light,1.3,2.666666667,1.8,07/01/2026,01:00:00,18,1,MZS_080,,,,,,13.7,13.9,14,13.86666667,0.152752523,,,,,,
MZS25_007,ICE,Light,0.5,3.533333333,,07/01/2026,01:52:00,18,1,MZS_080,,,,,,13.6,13.7,13.7,13.66666667,0.057735027,,,,,,
MZS25_007,ICE,Light,12,0,,06/01/2026,22:20:00,19,2,MZS_081,,,,,,19.2,19.3,19.2,19.23333333,0.057735027,,,,,,Vials started at ~12°C and now cooled to ~2°C with lid screwed. Temperature change means they became undersaturated hence low values.
MZS25_007,ICE,Light,2.7,0.666666667,2.9,06/01/2026,23:00:00,19,2,MZS_081,,,,,,15.2,15.1,15.1,15.13333333,0.057735027,,,,,,Vials started at ~12°C and now cooled to ~2°C with lid screwed. Temperature change means they became undersaturated hence low values.
MZS25_007,ICE,Light,1.8,1.666666667,2.5,07/01/2026,00:00:00,19,2,MZS_081,,,,,,14,14,14,14,0,,,,,,Vials started at ~12°C and now cooled to ~2°C with lid screwed. Temperature change means they became undersaturated hence low values.
MZS25_007,ICE,Light,1.3,2.666666667,1.8,07/01/2026,01:00:00,19,2,MZS_081,,,,,,13.4,13.5,13.5,13.46666667,0.057735027,,,,,,
MZS25_007,ICE,Light,0.5,3.533333333,,07/01/2026,01:52:00,19,2,MZS_081,,,,,,13.7,13.7,13.6,13.66666667,0.057735027,,,,,,
MZS25_007,ICE,Dark,9.9,0,,06/01/2026,22:20:00,21,1,MZS_082,,,,,,18.6,18.7,18.7,18.66666667,0.057735027,,,,,,Vials started at ~10°C and now cooled to ~2°C with lid screwed. Temperature change means they became undersaturated hence low values.
MZS25_007,ICE,Dark,2.3,0.666666667,,06/01/2026,23:00:00,21,1,MZS_082,,,,,,13.9,14.2,14.3,14.13333333,0.2081666,,,,,,Vials started at ~10°C and now cooled to ~2°C with lid screwed. Temperature change means they became undersaturated hence low values.
MZS25_007,ICE,Dark,1.1,1.666666667,,07/01/2026,00:00:00,21,1,MZS_082,,,,,,13.5,13.6,13.6,13.56666667,0.057735027,,,,,,Vials started at ~10°C and now cooled to ~2°C with lid screwed. Temperature change means they became undersaturated hence low values.
MZS25_007,ICE,Dark,1.3,2.666666667,,07/01/2026,01:00:00,21,1,MZS_082,,,,,,13.7,13.7,13.7,13.7,2.18E+15,,,,,,
MZS25_007,ICE,Dark,0.4,3.533333333,,07/01/2026,01:52:00,21,1,MZS_082,,,,,,13.4,13.7,13.7,13.6,0.173205081,,,,,,
MZS25_007,ICE,Dark,1.3,11.75,,07/01/2026,10:05:00,21,1,MZS_082,,,,,,13.7,13.8,13.9,13.8,0.1,,,,,,
MZS25_007,ICE,Dark,9.9,0,,06/01/2026,22:20:00,22,2,MZS_083,,,,,,17.7,17.7,17.7,17.7,0,,,,,,Vials started at ~10°C and now cooled to ~2°C with lid screwed. Temperature change means they became undersaturated hence low values.
MZS25_007,ICE,Dark,2.3,0.666666667,,06/01/2026,23:00:00,22,2,MZS_083,,,,,,13.1,13.1,13,13.06666667,0.057735027,,,,,,Vials started at ~10°C and now cooled to ~2°C with lid screwed. Temperature change means they became undersaturated hence low values.
MZS25_007,ICE,Dark,1.1,1.666666667,,07/01/2026,00:00:00,22,2,MZS_083,,,,,,14.1,14.1,14.3,14.16666667,0.115470054,,,,,,Vials started at ~10°C and now cooled to ~2°C with lid screwed. Temperature change means they became undersaturated hence low values.
MZS25_007,ICE,Dark,1.3,2.666666667,,07/01/2026,01:00:00,22,2,MZS_083,,,,,,13.6,13.7,13.6,13.63333333,0.057735027,,,,,,
MZS25_007,ICE,Dark,0.4,3.533333333,,07/01/2026,01:52:00,22,2,MZS_083,,,,,,13.4,13.6,13.6,13.53333333,0.115470054,,,,,,
MZS25_007,ICE,Dark,1.3,11.75,,07/01/2026,10:05:00,22,2,MZS_083,,,,,,13.5,13.6,13.6,13.56666667,0.057735027,,,,,,
MZS25_007,ICE,Dark,9.9,0,,06/01/2026,22:20:00,23,3,MZS_084,,,,,,17,17.1,17.1,17.06666667,0.057735027,,,,,,Vials started at ~10°C and now cooled to ~2°C with lid screwed. Temperature change means they became undersaturated hence low values.
MZS25_007,ICE,Dark,2.3,0.666666667,,06/01/2026,23:00:00,23,3,MZS_084,,,,,,14.6,14.8,14.9,14.76666667,0.152752523,,,,,,Vials started at ~10°C and now cooled to ~2°C with lid screwed. Temperature change means they became undersaturated hence low values.
MZS25_007,ICE,Dark,1.1,1.666666667,,07/01/2026,00:00:00,23,3,MZS_084,,,,,,13.2,13.3,13.3,13.26666667,0.057735027,,,,,,Vials started at ~10°C and now cooled to ~2°C with lid screwed. Temperature change means they became undersaturated hence low values.
MZS25_007,ICE,Dark,1.3,2.666666667,,07/01/2026,01:00:00,23,3,MZS_084,,,,,,13.4,13.5,13.4,13.43333333,0.057735027,,,,,,
MZS25_007,ICE,Dark,0.4,3.533333333,,07/01/2026,01:52:00,23,3,MZS_084,,,,,,12.9,13,13.1,13,0.1,,,,,,
MZS25_007,ICE,Dark,1.3,11.75,,07/01/2026,10:05:00,23,3,MZS_084,,,,,,13.2,13.2,13.2,13.2,2.18E+15,,,,,,
MZS25_008.1,DRY SOIL,Light,2.8,0,,09/01/2026,16:45:00,1,1,MZS_999,23.2,23.2,23.3,23.23333333,0.057735027,23.9,23.7,23.6,23.73333333,0.152752523,,,,,,Sample weight: 5.52g. Temperature weight: 4.97g.
MZS25_008.1,DRY SOIL,Light,2.6,0.666666667,4.9,09/01/2026,17:25:00,1,1,MZS_999,22.2,22.2,22.4,22.26666667,0.115470054,22.1,22.1,22.1,22.1,4.35E+15,,,,,,Sample weight: 5.52g. Temperature weight: 4.97g.
MZS25_008.1,DRY SOIL,Light,2.7,1.333333333,5.4,09/01/2026,18:05:00,1,1,MZS_999,22.2,22.1,22.2,22.16666667,0.057735027,22.5,22.8,22.8,22.7,0.173205081,,,,,,Sample weight: 5.52g. Temperature weight: 4.97g.
MZS25_008.1,DRY SOIL,Light,1.9,2.333333333,,09/01/2026,19:05:00,1,1,MZS_999,21.5,21.6,21.8,21.63333333,0.152752523,22.7,22.7,22.7,22.7,0,,,,,,Sample weight: 5.52g. Temperature weight: 4.97g.
MZS25_008.1,DRY SOIL,Light,2.3,4.25,5.3,09/01/2026,21:00:00,1,1,MZS_999,20.8,20.9,20.9,20.86666667,0.057735027,21.6,21.6,21.6,21.6,4.35E+15,,,,,,Sample weight: 5.52g. Temperature weight: 4.97g.
MZS25_008.1,DRY SOIL,Light,1.3,6.333333333,,09/01/2026,23:05:00,1,1,MZS_999,21,21.1,21.2,21.1,0.1,21.9,22.3,22.7,22.3,0.4,,,,,,Sample weight: 5.52g. Temperature weight: 4.97g.
MZS25_008.1,DRY SOIL,Light,1.6,8.166666667,,10/01/2026,00:55:00,1,1,MZS_999,20.2,20.3,20.4,20.3,0.1,21.3,21.4,21.4,21.36666667,0.057735027,,,,,,Sample weight: 5.52g. Temperature weight: 4.97g.
MZS25_008.1,DRY SOIL,Light,2.8,0,,09/01/2026,16:45:00,2,2,MZS_999,22.9,23,23,22.96666667,0.057735027,26.6,26.7,26.7,26.66666667,0.057735027,,,,,,Sample weight: 4.99g. Temperature weight: 4.97g.
MZS25_008.1,DRY SOIL,Light,2.6,0.666666667,4.9,09/01/2026,17:25:00,2,2,MZS_999,18.2,18.3,18.3,18.26666667,0.057735027,21.1,21.3,21.4,21.26666667,0.152752523,,,,,,Sample weight: 4.99g. Temperature weight: 4.97g.
MZS25_008.1,DRY SOIL,Light,2.7,1.333333333,5.4,09/01/2026,18:05:00,2,2,MZS_999,17.3,17.5,17.5,17.43333333,0.115470054,20.6,20.9,21,20.83333333,0.2081666,,,,,,Sample weight: 4.99g. Temperature weight: 4.97g.
MZS25_008.1,DRY SOIL,Light,1.9,2.333333333,,09/01/2026,19:05:00,2,2,MZS_999,17.2,17.4,17.5,17.36666667,0.152752523,21.1,21.2,21.2,21.16666667,0.057735027,,,,,,Sample weight: 4.99g. Temperature weight: 4.97g.
MZS25_008.1,DRY SOIL,Light,2.3,4.25,5.3,09/01/2026,21:00:00,2,2,MZS_999,16.7,16.8,16.8,16.76666667,0.057735027,20.7,20.7,21,20.8,0.173205081,,,,,,Sample weight: 4.99g. Temperature weight: 4.97g.
MZS25_008.1,DRY SOIL,Light,1.3,6.333333333,,09/01/2026,23:05:00,2,2,MZS_999,17.9,17.9,17.9,17.9,0,20.9,21.2,21.2,21.1,0.173205081,,,,,,Sample weight: 4.99g. Temperature weight: 4.97g.
MZS25_008.1,DRY SOIL,Light,1.6,8.166666667,,10/01/2026,00:55:00,2,2,MZS_999,17.8,17.9,18,17.9,0.1,20.6,20.9,20.9,20.8,0.173205081,,,,,,Sample weight: 4.99g. Temperature weight: 4.97g.
MZS25_008.1,DRY SOIL,Light,2.8,0,,09/01/2026,16:45:00,3,3,MZS_999,22.4,22.6,22.6,22.53333333,0.115470054,24.6,24.8,24.8,24.73333333,0.115470054,,,,,,Sample weight: 5.45g. Temperature weight: 4.97g.
MZS25_008.1,DRY SOIL,Light,2.6,0.666666667,4.9,09/01/2026,17:25:00,3,3,MZS_999,19.5,19.8,20.1,19.8,0.3,21,21.3,21.3,21.2,0.173205081,,,,,,Sample weight: 5.45g. Temperature weight: 4.97g.
MZS25_008.1,DRY SOIL,Light,2.7,1.333333333,5.4,09/01/2026,18:05:00,3,3,MZS_999,19.2,19.1,19.1,19.13333333,0.057735027,19.8,20.6,20.2,20.2,0.4,,,,,,Sample weight: 5.45g. Temperature weight: 4.97g.
MZS25_008.1,DRY SOIL,Light,1.9,2.333333333,,09/01/2026,19:05:00,3,3,MZS_999,18.9,19.1,19.2,19.06666667,0.152752523,20.5,20.5,20.8,20.6,0.173205081,,,,,,Sample weight: 5.45g. Temperature weight: 4.97g.
MZS25_008.1,DRY SOIL,Light,2.3,4.25,5.3,09/01/2026,21:00:00,3,3,MZS_999,19,18.9,18.7,18.86666667,0.152752523,19.8,20.2,20.4,20.13333333,0.305505046,,,,,,Sample weight: 5.45g. Temperature weight: 4.97g.
MZS25_008.1,DRY SOIL,Light,1.3,6.333333333,,09/01/2026,23:05:00,3,3,MZS_999,18.4,18.6,18.7,18.56666667,0.152752523,20.7,20.8,20.9,20.8,0.1,,,,,,Sample weight: 5.45g. Temperature weight: 4.97g.
MZS25_008.1,DRY SOIL,Light,1.6,8.166666667,,10/01/2026,00:55:00,3,3,MZS_999,19.1,19.2,19.2,19.16666667,0.057735027,20.4,21,21.2,20.86666667,0.4163332,,,,,,Sample weight: 5.45g. Temperature weight: 4.97g.
MZS25_008.1,DRY SOIL,Light,2.8,0,,09/01/2026,16:45:00,4,4,MZS_999,19.9,20,20,19.96666667,0.057735027,21.9,22,21.8,21.9,0.1,,,,,,Sample weight: 5.42g. Temperature weight: 4.97g.
MZS25_008.1,DRY SOIL,Light,2.6,0.666666667,4.9,09/01/2026,17:25:00,4,4,MZS_999,19,19.1,19.1,19.06666667,0.057735027,20.2,20.2,20.9,20.43333333,0.404145188,,,,,,Sample weight: 5.42g. Temperature weight: 4.97g.
MZS25_008.1,DRY SOIL,Light,2.7,1.333333333,5.4,09/01/2026,18:05:00,4,4,MZS_999,18.4,18.5,18.5,18.46666667,0.057735027,20,20.2,20.3,20.16666667,0.152752523,,,,,,Sample weight: 5.42g. Temperature weight: 4.97g.
MZS25_008.1,DRY SOIL,Light,1.9,2.333333333,,09/01/2026,19:05:00,4,4,MZS_999,18.1,18.1,18.1,18.1,0,20.2,20.6,20.8,20.53333333,0.305505046,,,,,,Sample weight: 5.42g. Temperature weight: 4.97g.
MZS25_008.1,DRY SOIL,Light,2.3,4.25,5.3,09/01/2026,21:00:00,4,4,MZS_999,18.1,18.2,18.2,18.16666667,0.057735027,20.7,21,20.8,20.83333333,0.152752523,,,,,,Sample weight: 5.42g. Temperature weight: 4.97g.
MZS25_008.1,DRY SOIL,Light,1.3,6.333333333,,09/01/2026,23:05:00,4,4,MZS_999,17.8,17.9,18,17.9,0.1,20.3,20.6,20.7,20.53333333,0.2081666,,,,,,Sample weight: 5.42g. Temperature weight: 4.97g.
MZS25_008.1,DRY SOIL,Light,1.6,8.166666667,,10/01/2026,00:55:00,4,4,MZS_999,18.5,15.6,18.3,17.46666667,1.619670748,20.9,21.1,21.1,21.03333333,0.115470054,,,,,,Sample weight: 5.42g. Temperature weight: 4.97g.
MZS25_008.1,DRY SOIL,Dark,3.8,0,,09/01/2026,16:45:00,6,1,MZS_999,21.2,21.6,21.8,21.53333333,0.305505046,22,22.1,22.1,22.06666667,0.057735027,,,,,,Sample weight: 5.01g. Temperature weight: 5.22g.
MZS25_008.1,DRY SOIL,Dark,1.9,0.666666667,,09/01/2026,17:25:00,6,1,MZS_999,20.1,20.5,20.7,20.43333333,0.305505046,20.7,20.8,20.8,20.76666667,0.057735027,,,,,,Sample weight: 5.01g. Temperature weight: 5.22g.
MZS25_008.1,DRY SOIL,Dark,1,1.333333333,,09/01/2026,18:05:00,6,1,MZS_999,21.1,21.5,21.9,21.5,0.4,20.7,20.8,21,20.83333333,0.152752523,,,,,,Sample weight: 5.01g. Temperature weight: 5.22g.
MZS25_008.1,DRY SOIL,Dark,1.3,2.333333333,,09/01/2026,19:05:00,6,1,MZS_999,19.9,20.2,20.4,20.16666667,0.251661148,19.9,20.11,20.1,20.03666667,0.118462371,,,,,,Sample weight: 5.01g. Temperature weight: 5.22g.
MZS25_008.1,DRY SOIL,Dark,1.1,4.25,,09/01/2026,21:00:00,6,1,MZS_999,21.6,21.5,21.6,21.56666667,0.057735027,21.2,21.4,21.5,21.36666667,0.152752523,,,,,,Sample weight: 5.01g. Temperature weight: 5.22g.
MZS25_008.1,DRY SOIL,Dark,1.1,6.333333333,,09/01/2026,23:05:00,6,1,MZS_999,21.2,21.3,21.4,21.3,0.1,20.6,20.7,20.8,20.7,0.1,,,,,,Sample weight: 5.01g. Temperature weight: 5.22g.
MZS25_008.1,DRY SOIL,Dark,0.9,8.166666667,,10/01/2026,00:55:00,6,1,MZS_999,20.9,21.1,21.3,21.1,0.2,20.1,20.2,20.2,20.16666667,0.057735027,,,,,,Sample weight: 5.01g. Temperature weight: 5.22g.
MZS25_008.1,DRY SOIL,Dark,1.9,17.25,,10/01/2026,10:00:00,6,1,MZS_999,20.1,20.3,20.4,20.26666667,0.152752523,20.1,20.6,20.7,20.46666667,0.321455025,,,,,,Sample weight: 5.01g. Temperature weight: 5.22g.
MZS25_008.1,DRY SOIL,Dark,3.8,0,,09/01/2026,16:45:00,7,2,MZS_999,19.8,20.1,20.2,20.03333333,0.2081666,22.9,23.1,23.1,23.03333333,0.115470054,,,,,,Sample weight: 5.21g. Temperature weight: 5.22g.
MZS25_008.1,DRY SOIL,Dark,1.9,0.666666667,,09/01/2026,17:25:00,7,2,MZS_999,19.4,19.3,19.5,19.4,0.1,20,20.3,20.5,20.26666667,0.251661148,,,,,,Sample weight: 5.21g. Temperature weight: 5.22g.
MZS25_008.1,DRY SOIL,Dark,1,1.333333333,,09/01/2026,18:05:00,7,2,MZS_999,19.5,19.6,19.6,19.56666667,0.057735027,20.4,20.6,20.8,20.6,0.2,,,,,,Sample weight: 5.21g. Temperature weight: 5.22g.
MZS25_008.1,DRY SOIL,Dark,1.3,2.333333333,,09/01/2026,19:05:00,7,2,MZS_999,19.4,19.5,19.6,19.5,0.1,20.2,20.3,20.3,20.26666667,0.057735027,,,,,,Sample weight: 5.21g. Temperature weight: 5.22g.
MZS25_008.1,DRY SOIL,Dark,1.1,4.25,,09/01/2026,21:00:00,7,2,MZS_999,19.1,19.3,19.4,19.26666667,0.152752523,20.5,20.8,21,20.76666667,0.251661148,,,,,,Sample weight: 5.21g. Temperature weight: 5.22g.
MZS25_008.1,DRY SOIL,Dark,1.1,6.333333333,,09/01/2026,23:05:00,7,2,MZS_999,19.1,19.4,19.5,19.33333333,0.2081666,21.5,21.7,21.7,21.63333333,0.115470054,,,,,,Sample weight: 5.21g. Temperature weight: 5.22g.
MZS25_008.1,DRY SOIL,Dark,0.9,8.166666667,,10/01/2026,00:55:00,7,2,MZS_999,18.9,19,19.1,19,0.1,20,20.2,20.2,20.13333333,0.115470054,,,,,,Sample weight: 5.21g. Temperature weight: 5.22g.
MZS25_008.1,DRY SOIL,Dark,1.9,17.25,,10/01/2026,10:00:00,7,2,MZS_999,18.9,19,19.1,19,0.1,20.1,20.4,20.4,20.3,0.173205081,,,,,,Sample weight: 5.21g. Temperature weight: 5.22g.
MZS25_008.1,DRY SOIL,Dark,3.8,0,,09/01/2026,16:45:00,8,3,MZS_999,19.7,20.1,20.4,20.06666667,0.351188458,20.6,20.8,20.7,20.7,0.1,,,,,,Sample weight: 5.00g. Temperature weight: 5.22g.
MZS25_008.1,DRY SOIL,Dark,1.9,0.666666667,,09/01/2026,17:25:00,8,3,MZS_999,19.8,20.1,20.4,20.1,0.3,20.5,20.7,20.6,20.6,0.1,,,,,,Sample weight: 5.00g. Temperature weight: 5.22g.
MZS25_008.1,DRY SOIL,Dark,1,1.333333333,,09/01/2026,18:05:00,8,3,MZS_999,20.1,20.5,20.7,20.43333333,0.305505046,20.5,20.7,20.9,20.7,0.2,,,,,,Sample weight: 5.00g. Temperature weight: 5.22g.
MZS25_008.1,DRY SOIL,Dark,1.3,2.333333333,,09/01/2026,19:05:00,8,3,MZS_999,20.2,20.5,20.6,20.43333333,0.2081666,20.5,20.8,21,20.76666667,0.251661148,,,,,,Sample weight: 5.00g. Temperature weight: 5.22g.
MZS25_008.1,DRY SOIL,Dark,1.1,4.25,,09/01/2026,21:00:00,8,3,MZS_999,21.2,21.3,21.4,21.3,0.1,20.8,21,21.1,20.96666667,0.152752523,,,,,,Sample weight: 5.00g. Temperature weight: 5.22g.
MZS25_008.1,DRY SOIL,Dark,1.1,6.333333333,,09/01/2026,23:05:00,8,3,MZS_999,20.7,20.8,20.9,20.8,0.1,20.5,20.6,20.6,20.56666667,0.057735027,,,,,,Sample weight: 5.00g. Temperature weight: 5.22g.
MZS25_008.1,DRY SOIL,Dark,0.9,8.166666667,,10/01/2026,00:55:00,8,3,MZS_999,20.2,20.4,20.5,20.36666667,0.152752523,21,21.4,21.4,21.26666667,0.230940108,,,,,,Sample weight: 5.00g. Temperature weight: 5.22g.
MZS25_008.1,DRY SOIL,Dark,1.9,17.25,,10/01/2026,10:00:00,8,3,MZS_999,20.8,20.9,21,20.9,0.1,20.9,21.2,21.2,21.1,0.173205081,,,,,,Sample weight: 5.00g. Temperature weight: 5.22g.
MZS25_008.1,DRY SOIL,Dark,3.8,0,,09/01/2026,16:45:00,9,4,MZS_999,20.2,20.3,20.4,20.3,0.1,21.9,21.7,22.1,21.9,0.2,,,,,,Sample weight: 5.23g. Temperature weight: 5.22g.
MZS25_008.1,DRY SOIL,Dark,1.9,0.666666667,,09/01/2026,17:25:00,9,4,MZS_999,19.8,20,20.3,20.03333333,0.251661148,20.3,20.4,20.5,20.4,0.1,,,,,,Sample weight: 5.23g. Temperature weight: 5.22g.
MZS25_008.1,DRY SOIL,Dark,1,1.333333333,,09/01/2026,18:05:00,9,4,MZS_999,19.7,20.1,20.3,20.03333333,0.305505046,19.8,20,20.2,20,0.2,,,,,,Sample weight: 5.23g. Temperature weight: 5.22g.
MZS25_008.1,DRY SOIL,Dark,1.3,2.333333333,,09/01/2026,19:05:00,9,4,MZS_999,19.2,19.5,19.8,19.5,0.3,19.7,20.1,20.2,20,0.264575131,,,,,,Sample weight: 5.23g. Temperature weight: 5.22g.
MZS25_008.1,DRY SOIL,Dark,1.1,4.25,,09/01/2026,21:00:00,9,4,MZS_999,19.7,19.9,20.1,19.9,0.2,20.4,20.7,20.8,20.63333333,0.2081666,,,,,,Sample weight: 5.23g. Temperature weight: 5.22g.
MZS25_008.1,DRY SOIL,Dark,1.1,6.333333333,,09/01/2026,23:05:00,9,4,MZS_999,20,20.1,20.2,20.1,0.1,20,20.2,20.5,20.23333333,0.251661148,,,,,,Sample weight: 5.23g. Temperature weight: 5.22g.
MZS25_008.1,DRY SOIL,Dark,0.9,8.166666667,,10/01/2026,00:55:00,9,4,MZS_999,20.3,20.5,20.8,20.53333333,0.251661148,20.7,20.9,20.8,20.8,0.1,,,,,,Sample weight: 5.23g. Temperature weight: 5.22g.
MZS25_008.1,DRY SOIL,Dark,1.9,17.25,,10/01/2026,10:00:00,9,4,MZS_999,19.8,20,20.1,19.96666667,0.152752523,20.8,21,20.9,20.9,0.1,,,,,,Sample weight: 5.23g. Temperature weight: 5.22g.
MZS25_008.2,WET SOIL,Light,3.2,0,,09/01/2026,16:45:00,11,1,MZS_999,14.5,14.6,14.6,14.56666667,0.057735027,22.3,22.2,22.1,22.2,0.1,,,,,,Sample weight: 5.38g. Filtered MiliQ: 1.5 mL. Temperature weight: 5.16g.
MZS25_008.2,WET SOIL,Light,2.1,0.666666667,4.9,09/01/2026,17:25:00,11,1,MZS_999,15.3,15.4,15.4,15.36666667,0.057735027,21.3,21.4,21.3,21.33333333,0.057735027,,,,,,Sample weight: 5.38g. Filtered MiliQ: 1.5 mL. Temperature weight: 5.16g.
MZS25_008.2,WET SOIL,Light,1.8,1.333333333,5.4,09/01/2026,18:05:00,11,1,MZS_999,14.3,14.2,14.2,14.23333333,0.057735027,21,21,21.1,21.03333333,0.057735027,,,,,,Sample weight: 5.38g. Filtered MiliQ: 1.5 mL. Temperature weight: 5.16g.
MZS25_008.2,WET SOIL,Light,1.1,2.333333333,,09/01/2026,19:05:00,11,1,MZS_999,15.7,15.8,15.8,15.76666667,0.057735027,20.7,20.9,21,20.86666667,0.152752523,,,,,,Sample weight: 5.38g. Filtered MiliQ: 1.5 mL. Temperature weight: 5.16g.
MZS25_008.2,WET SOIL,Light,1.9,4.25,5.3,09/01/2026,21:00:00,11,1,MZS_999,15.5,15.6,15.6,15.56666667,0.057735027,20.3,20.4,20.5,20.4,0.1,,,,,,Sample weight: 5.38g. Filtered MiliQ: 1.5 mL. Temperature weight: 5.16g.
MZS25_008.2,WET SOIL,Light,0.7,6.333333333,,09/01/2026,23:05:00,11,1,MZS_999,16.8,17,17,16.93333333,0.115470054,21.7,21.3,21.2,21.4,0.264575131,,,,,,Sample weight: 5.38g. Filtered MiliQ: 1.5 mL. Temperature weight: 5.16g.
MZS25_008.2,WET SOIL,Light,0.9,8.166666667,,10/01/2026,00:55:00,11,1,MZS_999,17.8,17.9,17.9,17.86666667,0.057735027,21.2,21.4,21.4,21.33333333,0.115470054,,,,,,Sample weight: 5.38g. Filtered MiliQ: 1.5 mL. Temperature weight: 5.16g.
MZS25_008.2,WET SOIL,Light,3.2,0,,09/01/2026,16:45:00,12,2,MZS_999,17.1,17.2,17.2,17.16666667,0.057735027,22.3,22.6,22.6,22.5,0.173205081,,,,,,Sample weight: 5.39g. Filtered MiliQ: 1.5 mL. Temperature weight: 5.16g.
MZS25_008.2,WET SOIL,Light,2.1,0.666666667,4.9,09/01/2026,17:25:00,12,2,MZS_999,16.6,16.6,16.6,16.6,0,22.5,22.8,22.5,22.6,0.173205081,,,,,,Sample weight: 5.39g. Filtered MiliQ: 1.5 mL. Temperature weight: 5.16g.
MZS25_008.2,WET SOIL,Light,1.8,1.333333333,5.4,09/01/2026,18:05:00,12,2,MZS_999,16.5,16.6,16.6,16.56666667,0.057735027,21.1,21.2,21.2,21.16666667,0.057735027,,,,,,Sample weight: 5.39g. Filtered MiliQ: 1.5 mL. Temperature weight: 5.16g.
MZS25_008.2,WET SOIL,Light,1.1,2.333333333,,09/01/2026,19:05:00,12,2,MZS_999,16.6,16.6,16.6,16.6,0,21.7,22.1,22.1,21.96666667,0.230940108,,,,,,Sample weight: 5.39g. Filtered MiliQ: 1.5 mL. Temperature weight: 5.16g.
MZS25_008.2,WET SOIL,Light,1.9,4.25,5.3,09/01/2026,21:00:00,12,2,MZS_999,16.5,16.5,16.6,16.53333333,0.057735027,21.2,21.2,21.2,21.2,0,,,,,,Sample weight: 5.39g. Filtered MiliQ: 1.5 mL. Temperature weight: 5.16g.
MZS25_008.2,WET SOIL,Light,0.7,6.333333333,,09/01/2026,23:05:00,12,2,MZS_999,17.5,17.6,17.6,17.56666667,0.057735027,21.3,21.5,21.7,21.5,0.2,,,,,,Sample weight: 5.39g. Filtered MiliQ: 1.5 mL. Temperature weight: 5.16g.
MZS25_008.2,WET SOIL,Light,0.9,8.166666667,,10/01/2026,00:55:00,12,2,MZS_999,17.6,17.8,17.8,17.73333333,0.115470054,22.2,22.2,22.1,22.16666667,0.057735027,,,,,,Sample weight: 5.39g. Filtered MiliQ: 1.5 mL. Temperature weight: 5.16g.
MZS25_008.2,WET SOIL,Light,3.2,0,,09/01/2026,16:45:00,13,3,MZS_999,14.7,14.8,14.8,14.76666667,0.057735027,24.9,24.4,24.6,24.63333333,0.251661148,,,,,,Sample weight: 5.02g. Filtered MiliQ: 1.5 mL. Temperature weight: 5.16g.
MZS25_008.2,WET SOIL,Light,2.1,0.666666667,4.9,09/01/2026,17:25:00,13,3,MZS_999,15.1,15.3,15.3,15.23333333,0.115470054,20.6,21,21,20.86666667,0.230940108,,,,,,Sample weight: 5.02g. Filtered MiliQ: 1.5 mL. Temperature weight: 5.16g.
MZS25_008.2,WET SOIL,Light,1.8,1.333333333,5.4,09/01/2026,18:05:00,13,3,MZS_999,15.5,15.6,15.6,15.56666667,0.057735027,20.2,20.7,20.7,20.53333333,0.288675135,,,,,,Sample weight: 5.02g. Filtered MiliQ: 1.5 mL. Temperature weight: 5.16g.
MZS25_008.2,WET SOIL,Light,1.1,2.333333333,,09/01/2026,19:05:00,13,3,MZS_999,15.4,15.4,15.4,15.4,0,19.9,20.1,19.9,19.96666667,0.115470054,,,,,,Sample weight: 5.02g. Filtered MiliQ: 1.5 mL. Temperature weight: 5.16g.
MZS25_008.2,WET SOIL,Light,1.9,4.25,5.3,09/01/2026,21:00:00,13,3,MZS_999,15.6,15.8,15.7,15.7,0.1,20.4,20.3,20.5,20.4,0.1,,,,,,Sample weight: 5.02g. Filtered MiliQ: 1.5 mL. Temperature weight: 5.16g.
MZS25_008.2,WET SOIL,Light,0.7,6.333333333,,09/01/2026,23:05:00,13,3,MZS_999,16.3,16.5,16.6,16.46666667,0.152752523,20.4,20.5,20.6,20.5,0.1,,,,,,Sample weight: 5.02g. Filtered MiliQ: 1.5 mL. Temperature weight: 5.16g.
MZS25_008.2,WET SOIL,Light,0.9,8.166666667,,10/01/2026,00:55:00,13,3,MZS_999,16.2,16.4,16.5,16.36666667,0.152752523,20.2,20.5,20.6,20.43333333,0.2081666,,,,,,Sample weight: 5.02g. Filtered MiliQ: 1.5 mL. Temperature weight: 5.16g.
MZS25_008.2,WET SOIL,Light,3.2,0,,09/01/2026,16:45:00,14,4,MZS_999,16.2,16.3,16.4,16.3,0.1,21.4,21.5,21.5,21.46666667,0.057735027,,,,,,Sample weight: 5.30g. Filtered MiliQ: 1.5 mL. Temperature weight: 5.16g.
MZS25_008.2,WET SOIL,Light,2.1,0.666666667,4.9,09/01/2026,17:25:00,14,4,MZS_999,16.3,16.5,16.6,16.46666667,0.152752523,20.6,20.8,20.7,20.7,0.1,,,,,,Sample weight: 5.30g. Filtered MiliQ: 1.5 mL. Temperature weight: 5.16g.
MZS25_008.2,WET SOIL,Light,1.8,1.333333333,5.4,09/01/2026,18:05:00,14,4,MZS_999,16.2,16.4,16.4,16.33333333,0.115470054,19.6,20.2,20.5,20.1,0.458257569,,,,,,Sample weight: 5.30g. Filtered MiliQ: 1.5 mL. Temperature weight: 5.16g.
MZS25_008.2,WET SOIL,Light,1.1,2.333333333,,09/01/2026,19:05:00,14,4,MZS_999,16.6,16.5,16.6,16.56666667,0.057735027,20.5,20.6,20.8,20.63333333,0.152752523,,,,,,Sample weight: 5.30g. Filtered MiliQ: 1.5 mL. Temperature weight: 5.16g.
MZS25_008.2,WET SOIL,Light,1.9,4.25,5.3,09/01/2026,21:00:00,14,4,MZS_999,16.4,16.5,16.6,16.5,0.1,19.5,20,20.2,19.9,0.360555128,,,,,,Sample weight: 5.30g. Filtered MiliQ: 1.5 mL. Temperature weight: 5.16g.
MZS25_008.2,WET SOIL,Light,0.7,6.333333333,,09/01/2026,23:05:00,14,4,MZS_999,16.8,16.7,16.7,16.73333333,0.057735027,20.2,20.5,20.6,20.43333333,0.2081666,,,,,,Sample weight: 5.30g. Filtered MiliQ: 1.5 mL. Temperature weight: 5.16g.
MZS25_008.2,WET SOIL,Light,0.9,8.166666667,,10/01/2026,00:55:00,14,4,MZS_999,17.2,17.3,17.4,17.3,0.1,20.6,20.7,20.9,20.73333333,0.152752523,,,,,,Sample weight: 5.30g. Filtered MiliQ: 1.5 mL. Temperature weight: 5.16g.
MZS25_008.2,WET SOIL,Dark,2.1,0,,09/01/2026,16:45:00,16,1,MZS_999,15.2,15.3,15.3,15.26666667,0.057735027,22.3,22.4,22.4,22.36666667,0.057735027,,,,,,Sample weight: 5.25g. Filtered MiliQ: 1.5 mL. Temperature weight: 5.27g.
MZS25_008.2,WET SOIL,Dark,1.8,0.666666667,,09/01/2026,17:25:00,16,1,MZS_999,16.2,16.3,16.3,16.26666667,0.057735027,21.1,21.3,21.4,21.26666667,0.152752523,,,,,,Sample weight: 5.25g. Filtered MiliQ: 1.5 mL. Temperature weight: 5.27g.
MZS25_008.2,WET SOIL,Dark,1.8,1.333333333,,09/01/2026,18:05:00,16,1,MZS_999,17.2,17.4,17.4,17.33333333,0.115470054,20.4,20.6,20.8,20.6,0.2,,,,,,Sample weight: 5.25g. Filtered MiliQ: 1.5 mL. Temperature weight: 5.27g.
MZS25_008.2,WET SOIL,Dark,0.9,2.333333333,,09/01/2026,19:05:00,16,1,MZS_999,17.1,17.2,17.2,17.16666667,0.057735027,20.7,21,21.2,20.96666667,0.251661148,,,,,,Sample weight: 5.25g. Filtered MiliQ: 1.5 mL. Temperature weight: 5.27g.
MZS25_008.2,WET SOIL,Dark,0.5,4.25,,09/01/2026,21:00:00,16,1,MZS_999,17.3,17.6,16.9,17.26666667,0.351188458,20.5,20.8,21.1,20.8,0.3,,,,,,Sample weight: 5.25g. Filtered MiliQ: 1.5 mL. Temperature weight: 5.27g.
MZS25_008.2,WET SOIL,Dark,1,6.333333333,,09/01/2026,23:05:00,16,1,MZS_999,17.7,17.8,17.7,17.73333333,0.057735027,20.7,21,21.1,20.93333333,0.2081666,,,,,,Sample weight: 5.25g. Filtered MiliQ: 1.5 mL. Temperature weight: 5.27g.
MZS25_008.2,WET SOIL,Dark,0.8,8.166666667,,10/01/2026,00:55:00,16,1,MZS_999,17.2,17.3,17.3,17.26666667,0.057735027,21.3,21.5,21.6,21.46666667,0.152752523,,,,,,Sample weight: 5.25g. Filtered MiliQ: 1.5 mL. Temperature weight: 5.27g.
MZS25_008.2,WET SOIL,Dark,3.2,17.25,,10/01/2026,10:00:00,16,1,MZS_999,17.4,17.6,17.6,17.53333333,0.115470054,20.4,20.5,20.6,20.5,0.1,,,,,,Sample weight: 5.25g. Filtered MiliQ: 1.5 mL. Temperature weight: 5.27g.
MZS25_008.2,WET SOIL,Dark,2.1,0,,09/01/2026,16:45:00,17,2,MZS_999,17.6,17.7,17.6,17.63333333,0.057735027,21.3,21.7,21.7,21.56666667,0.230940108,,,,,,Sample weight: 5.20g. Filtered MiliQ: 1.5 mL. Temperature weight: 5.27g.
MZS25_008.2,WET SOIL,Dark,1.8,0.666666667,,09/01/2026,17:25:00,17,2,MZS_999,17.4,17.5,17.5,17.46666667,0.057735027,19.9,20.1,20,20,0.1,,,,,,Sample weight: 5.20g. Filtered MiliQ: 1.5 mL. Temperature weight: 5.27g.
MZS25_008.2,WET SOIL,Dark,1.8,1.333333333,,09/01/2026,18:05:00,17,2,MZS_999,16.9,17,17.1,17,0.1,20.1,20.3,20.1,20.16666667,0.115470054,,,,,,Sample weight: 5.20g. Filtered MiliQ: 1.5 mL. Temperature weight: 5.27g.
MZS25_008.2,WET SOIL,Dark,0.9,2.333333333,,09/01/2026,19:05:00,17,2,MZS_999,17.1,17.2,17.2,17.16666667,0.057735027,20.7,21,21.2,20.96666667,0.251661148,,,,,,Sample weight: 5.20g. Filtered MiliQ: 1.5 mL. Temperature weight: 5.27g.
MZS25_008.2,WET SOIL,Dark,0.5,4.25,,09/01/2026,21:00:00,17,2,MZS_999,17.3,16.9,17.5,17.23333333,0.305505046,21.3,21.6,21.7,21.53333333,0.2081666,,,,,,Sample weight: 5.20g. Filtered MiliQ: 1.5 mL. Temperature weight: 5.27g.
MZS25_008.2,WET SOIL,Dark,1,6.333333333,,09/01/2026,23:05:00,17,2,MZS_999,16.9,17,17.1,17,0.1,20.8,20.9,20.9,20.86666667,0.057735027,,,,,,Sample weight: 5.20g. Filtered MiliQ: 1.5 mL. Temperature weight: 5.27g.
MZS25_008.2,WET SOIL,Dark,0.8,8.166666667,,10/01/2026,00:55:00,17,2,MZS_999,17.7,17.8,17.9,17.8,0.1,20.5,20.8,20.8,20.7,0.173205081,,,,,,Sample weight: 5.20g. Filtered MiliQ: 1.5 mL. Temperature weight: 5.27g.
MZS25_008.2,WET SOIL,Dark,3.2,17.25,,10/01/2026,10:00:00,17,2,MZS_999,16.7,16.8,16.7,16.73333333,0.057735027,20.1,20.8,20.8,20.56666667,0.404145188,,,,,,Sample weight: 5.20g. Filtered MiliQ: 1.5 mL. Temperature weight: 5.27g.
MZS25_008.2,WET SOIL,Dark,2.1,0,,09/01/2026,16:45:00,18,3,MZS_999,16.6,16.7,16.6,16.63333333,0.057735027,21,21.3,21.4,21.23333333,0.2081666,,,,,,Sample weight: 5.43g. Filtered MiliQ: 1.5 mL. Temperature weight: 5.27g.
MZS25_008.2,WET SOIL,Dark,1.8,0.666666667,,09/01/2026,17:25:00,18,3,MZS_999,16.2,15.8,15.9,15.96666667,0.2081666,19.7,19.9,19.9,19.83333333,0.115470054,,,,,,Sample weight: 5.43g. Filtered MiliQ: 1.5 mL. Temperature weight: 5.27g.
MZS25_008.2,WET SOIL,Dark,1.8,1.333333333,,09/01/2026,18:05:00,18,3,MZS_999,15.9,16,16.1,16,0.1,19.6,20.1,20.3,20,0.360555128,,,,,,Sample weight: 5.43g. Filtered MiliQ: 1.5 mL. Temperature weight: 5.27g.
MZS25_008.2,WET SOIL,Dark,0.9,2.333333333,,09/01/2026,19:05:00,18,3,MZS_999,16.5,16.7,16.8,16.66666667,0.152752523,20.1,20.5,20.6,20.4,0.264575131,,,,,,Sample weight: 5.43g. Filtered MiliQ: 1.5 mL. Temperature weight: 5.27g.
MZS25_008.2,WET SOIL,Dark,0.5,4.25,,09/01/2026,21:00:00,18,3,MZS_999,16.3,16.2,16.5,16.33333333,0.152752523,20.1,20.2,20.3,20.2,0.1,,,,,,Sample weight: 5.43g. Filtered MiliQ: 1.5 mL. Temperature weight: 5.27g.
MZS25_008.2,WET SOIL,Dark,1,6.333333333,,09/01/2026,23:05:00,18,3,MZS_999,15.8,15.9,15.7,15.8,0.1,20.6,20.7,20.6,20.63333333,0.057735027,,,,,,Sample weight: 5.43g. Filtered MiliQ: 1.5 mL. Temperature weight: 5.27g.
MZS25_008.2,WET SOIL,Dark,0.8,8.166666667,,10/01/2026,00:55:00,18,3,MZS_999,17.1,17.2,17.1,17.13333333,0.057735027,20.6,20.8,20.6,20.66666667,0.115470054,,,,,,Sample weight: 5.43g. Filtered MiliQ: 1.5 mL. Temperature weight: 5.27g.
MZS25_008.2,WET SOIL,Dark,3.2,17.25,,10/01/2026,10:00:00,18,3,MZS_999,16.7,16.6,16.6,16.63333333,0.057735027,19.9,20.5,20.6,20.33333333,0.37859389,,,,,,Sample weight: 5.43g. Filtered MiliQ: 1.5 mL. Temperature weight: 5.27g.
MZS25_008.2,WET SOIL,Dark,2.1,0,,09/01/2026,16:45:00,19,4,MZS_999,15.1,15.3,15.4,15.26666667,0.152752523,21.2,21.4,21.2,21.26666667,0.115470054,,,,,,Sample weight: 5.14g. Filtered MiliQ: 1.5 mL. Temperature weight: 5.27g.
MZS25_008.2,WET SOIL,Dark,1.8,0.666666667,,09/01/2026,17:25:00,19,4,MZS_999,15.9,15.6,15.7,15.73333333,0.152752523,20.9,20.9,21,20.93333333,0.057735027,,,,,,Sample weight: 5.14g. Filtered MiliQ: 1.5 mL. Temperature weight: 5.27g.
MZS25_008.2,WET SOIL,Dark,1.8,1.333333333,,09/01/2026,18:05:00,19,4,MZS_999,15.8,15.8,15.8,15.8,2.18E+15,20.7,20.9,20.9,20.83333333,0.115470054,,,,,,Sample weight: 5.14g. Filtered MiliQ: 1.5 mL. Temperature weight: 5.27g.
MZS25_008.2,WET SOIL,Dark,0.9,2.333333333,,09/01/2026,19:05:00,19,4,MZS_999,17.3,17.4,17.5,17.4,0.1,21.4,21.6,21.4,21.46666667,0.115470054,,,,,,Perhaps the lid opened here. Sample weight: 5.14g. Filtered MiliQ: 1.5 mL. Temperature weight: 5.27g.
MZS25_008.2,WET SOIL,Dark,0.5,4.25,,09/01/2026,21:00:00,19,4,MZS_999,17.3,17.3,17.3,17.3,0,21.4,21.6,21.7,21.56666667,0.152752523,,,,,,Sample weight: 5.14g. Filtered MiliQ: 1.5 mL. Temperature weight: 5.27g.
MZS25_008.2,WET SOIL,Dark,1,6.333333333,,09/01/2026,23:05:00,19,4,MZS_999,17.3,17.4,17.6,17.43333333,0.152752523,20.9,21.4,21.5,21.26666667,0.321455025,,,,,,Sample weight: 5.14g. Filtered MiliQ: 1.5 mL. Temperature weight: 5.27g.
MZS25_008.2,WET SOIL,Dark,0.8,8.166666667,,10/01/2026,00:55:00,19,4,MZS_999,17.9,18.1,18.1,18.03333333,0.115470054,21,21.2,21.3,21.16666667,0.152752523,,,,,,Sample weight: 5.14g. Filtered MiliQ: 1.5 mL. Temperature weight: 5.27g.
MZS25_008.2,WET SOIL,Dark,3.2,17.25,,10/01/2026,10:00:00,19,4,MZS_999,16.6,16.8,16.9,16.76666667,0.152752523,20.2,20.4,20.4,20.33333333,0.115470054,,,,,,Sample weight: 5.14g. Filtered MiliQ: 1.5 mL. Temperature weight: 5.27g.
MZS25_009,WATER,Light,3,0,,22/01/2026,18:15:00,1,1,MZS_999,,,,,,19.2,19.3,19.3,19.26666667,0.057735027,,,,,,
MZS25_009,WATER,Light,3,0.5,1.9,22/01/2026,18:45:00,1,1,MZS_999,,,,,,20.3,20.4,20.4,20.36666667,0.057735027,,,,,,
MZS25_009,WATER,Light,2.3,1,1.6,22/01/2026,19:15:00,1,1,MZS_999,,,,,,19.2,19.2,19.2,19.2,0,,,,,,
MZS25_009,WATER,Light,2.9,1.5,2.2,22/01/2026,19:45:00,1,1,MZS_999,,,,,,20.4,20.6,20.7,20.56666667,0.152752523,,,,,,
MZS25_009,WATER,Light,2.6,2.533333333,,22/01/2026,20:47:00,1,1,MZS_999,,,,,,19.6,19.7,19.8,19.7,0.1,,,,,,
MZS25_009,WATER,Light,0,4.533333333,0.2,22/01/2026,22:47:00,1,1,MZS_999,,,,,,18,18.1,18.3,18.13333333,0.152752523,,,,,,Cloudy
MZS25_009,WATER,Light,0.1,5.166666667,,22/01/2026,23:25:00,1,1,MZS_999,,,,,,18.3,18.5,18.3,18.36666667,0.115470054,,,,,,
MZS25_009,WATER,Light,3,0,,22/01/2026,18:15:00,2,2,MZS_999,,,,,,18.3,18.4,18.4,18.36666667,0.057735027,,,,,,
MZS25_009,WATER,Light,3,0.5,1.9,22/01/2026,18:45:00,2,2,MZS_999,,,,,,19.9,20,20.1,20,0.1,,,,,,
MZS25_009,WATER,Light,2.3,1,1.6,22/01/2026,19:15:00,2,2,MZS_999,,,,,,20.3,20.3,20.3,20.3,0,,,,,,
MZS25_009,WATER,Light,2.9,1.5,2.2,22/01/2026,19:45:00,2,2,MZS_999,,,,,,19.6,19.8,19.7,19.7,0.1,,,,,,
MZS25_009,WATER,Light,2.6,2.533333333,,22/01/2026,20:47:00,2,2,MZS_999,,,,,,18.6,18.7,18.8,18.7,0.1,,,,,,
MZS25_009,WATER,Light,0,4.533333333,0.2,22/01/2026,22:47:00,2,2,MZS_999,,,,,,17.7,17.8,17.9,17.8,0.1,,,,,,Cloudy
MZS25_009,WATER,Light,0.1,5.166666667,,22/01/2026,23:25:00,2,2,MZS_999,,,,,,18.3,18.4,18.4,18.36666667,0.057735027,,,,,,
MZS25_009,WATER,Light,3,0,,22/01/2026,18:15:00,3,3,MZS_999,,,,,,18.3,18.3,18.3,18.3,0,,,,,,
MZS25_009,WATER,Light,3,0.5,1.9,22/01/2026,18:45:00,3,3,MZS_999,,,,,,18.7,18.7,18.8,18.73333333,0.057735027,,,,,,
MZS25_009,WATER,Light,2.3,1,1.6,22/01/2026,19:15:00,3,3,MZS_999,,,,,,20.3,20.3,20.3,20.3,0,,,,,,
MZS25_009,WATER,Light,2.9,1.5,2.2,22/01/2026,19:45:00,3,3,MZS_999,,,,,,19.8,19.8,19.9,19.83333333,0.057735027,,,,,,
MZS25_009,WATER,Light,2.6,2.533333333,,22/01/2026,20:47:00,3,3,MZS_999,,,,,,18.6,18.8,18.9,18.76666667,0.152752523,,,,,,
MZS25_009,WATER,Light,0,4.533333333,0.2,22/01/2026,22:47:00,3,3,MZS_999,,,,,,17.3,17.5,17.5,17.43333333,0.115470054,,,,,,Cloudy
MZS25_009,WATER,Light,0.1,5.166666667,,22/01/2026,23:25:00,3,3,MZS_999,,,,,,17.6,17.7,17.7,17.66666667,0.057735027,,,,,,
MZS25_009,WATER,Light,3,0,,22/01/2026,18:15:00,4,4,MZS_999,,,,,,18.9,19.1,19.2,19.06666667,0.152752523,,,,,,
MZS25_009,WATER,Light,3,0.5,1.9,22/01/2026,18:45:00,4,4,MZS_999,,,,,,20.7,20.8,20.9,20.8,0.1,,,,,,
MZS25_009,WATER,Light,2.3,1,1.6,22/01/2026,19:15:00,4,4,MZS_999,,,,,,20.9,21.1,21.1,21.03333333,0.115470054,,,,,,
MZS25_009,WATER,Light,2.9,1.5,2.2,22/01/2026,19:45:00,4,4,MZS_999,,,,,,19.1,19.2,19.2,19.16666667,0.057735027,,,,,,
MZS25_009,WATER,Light,2.6,2.533333333,,22/01/2026,20:47:00,4,4,MZS_999,,,,,,18.6,18.7,18.8,18.7,0.1,,,,,,
MZS25_009,WATER,Light,0,4.533333333,0.2,22/01/2026,22:47:00,4,4,MZS_999,,,,,,18,18.1,18.1,18.06666667,0.057735027,,,,,,Cloudy
MZS25_009,WATER,Light,0.1,5.166666667,,22/01/2026,23:25:00,4,4,MZS_999,,,,,,18.4,18.6,18.6,18.53333333,0.115470054,,,,,,
MZS25_009,WATER,Light,3,0,,22/01/2026,18:15:00,5,5,MZS_999,,,,,,20.3,20.4,20.5,20.4,0.1,,,,,,
MZS25_009,WATER,Light,3,0.5,1.9,22/01/2026,18:45:00,5,5,MZS_999,,,,,,21.2,21.3,21.3,21.26666667,0.057735027,,,,,,
MZS25_009,WATER,Light,2.3,1,1.6,22/01/2026,19:15:00,5,5,MZS_999,,,,,,20.1,20,20,20.03333333,0.057735027,,,,,,
MZS25_009,WATER,Light,2.9,1.5,2.2,22/01/2026,19:45:00,5,5,MZS_999,,,,,,19.3,19.4,19.5,19.4,0.1,,,,,,
MZS25_009,WATER,Light,2.6,2.533333333,,22/01/2026,20:47:00,5,5,MZS_999,,,,,,20,20.1,20.2,20.1,0.1,,,,,,
MZS25_009,WATER,Light,0,4.533333333,0.2,22/01/2026,22:47:00,5,5,MZS_999,,,,,,18.5,18.6,18.6,18.56666667,0.057735027,,,,,,Cloudy
MZS25_009,WATER,Light,0.1,5.166666667,,22/01/2026,23:25:00,5,5,MZS_999,,,,,,18.8,19,19,18.93333333,0.115470054,,,,,,
MZS25_009,WATER,Dark,2,0,,22/01/2026,18:15:00,7,2,MZS_999,,,,,,21.1,21.1,21.1,21.1,0,,,,,,
MZS25_009,WATER,Dark,0.5,0.5,,22/01/2026,18:45:00,7,2,MZS_999,,,,,,19.6,19.7,19.7,19.66666667,0.057735027,,,,,,
MZS25_009,WATER,Dark,0.5,1,,22/01/2026,19:15:00,7,2,MZS_999,,,,,,19.5,19.6,19.6,19.56666667,0.057735027,,,,,,
MZS25_009,WATER,Dark,0.6,1.5,,22/01/2026,19:45:00,7,2,MZS_999,,,,,,19.2,19.3,19.4,19.3,0.1,,,,,,
MZS25_009,WATER,Dark,0.6,2.533333333,,22/01/2026,20:47:00,7,2,MZS_999,,,,,,19.1,19.2,19.3,19.2,0.1,,,,,,
MZS25_009,WATER,Dark,0.9,4.533333333,,22/01/2026,22:47:00,7,2,MZS_999,,,,,,19,19.2,19.2,19.13333333,0.115470054,,,,,,
MZS25_009,WATER,Dark,0.9,5.166666667,,22/01/2026,23:25:00,7,2,MZS_999,,,,,,19.5,19.7,19.5,19.56666667,0.115470054,,,,,,
MZS25_009,WATER,Dark,1.3,7.166666667,,23/01/2026,01:25:00,7,2,MZS_999,,,,,,19.7,19.9,20.1,19.9,0.2,,,,,,
MZS25_009,WATER,Dark,0.8,12.83333333,,23/01/2026,07:05:00,7,2,MZS_999,,,,,,18.9,19,19,18.96666667,0.057735027,,,,,,
MZS25_009,WATER,Dark,2,0,,22/01/2026,18:15:00,8,3,MZS_999,,,,,,20.6,20.6,20.7,20.63333333,0.057735027,,,,,,
MZS25_009,WATER,Dark,0.5,0.5,,22/01/2026,18:45:00,8,3,MZS_999,,,,,,19.2,19.3,19.4,19.3,0.1,,,,,,
MZS25_009,WATER,Dark,0.5,1,,22/01/2026,19:15:00,8,3,MZS_999,,,,,,19.3,19.5,19.5,19.43333333,0.115470054,,,,,,
MZS25_009,WATER,Dark,0.6,1.5,,22/01/2026,19:45:00,8,3,MZS_999,,,,,,18.8,19,19.2,19,0.2,,,,,,
MZS25_009,WATER,Dark,0.6,2.533333333,,22/01/2026,20:47:00,8,3,MZS_999,,,,,,19.1,19.3,19.4,19.26666667,0.152752523,,,,,,
MZS25_009,WATER,Dark,0.9,4.533333333,,22/01/2026,22:47:00,8,3,MZS_999,,,,,,19,19.1,19.2,19.1,0.1,,,,,,
MZS25_009,WATER,Dark,0.9,5.166666667,,22/01/2026,23:25:00,8,3,MZS_999,,,,,,19.2,19.3,19.4,19.3,0.1,,,,,,
MZS25_009,WATER,Dark,1.3,7.166666667,,23/01/2026,01:25:00,8,3,MZS_999,,,,,,19.2,19.4,19.4,19.33333333,0.115470054,,,,,,
MZS25_009,WATER,Dark,0.8,12.83333333,,23/01/2026,07:05:00,8,3,MZS_999,,,,,,19,19.1,19.1,19.06666667,0.057735027,,,,,,
MZS25_009,WATER,Dark,2,0,,22/01/2026,18:15:00,9,4,MZS_999,,,,,,21.2,21.3,21.6,21.36666667,0.2081666,,,,,,
MZS25_009,WATER,Dark,0.5,0.5,,22/01/2026,18:45:00,9,4,MZS_999,,,,,,19.7,19.8,19.8,19.76666667,0.057735027,,,,,,
MZS25_009,WATER,Dark,0.5,1,,22/01/2026,19:15:00,9,4,MZS_999,,,,,,19.3,19.3,19.3,19.3,0,,,,,,
MZS25_009,WATER,Dark,0.6,1.5,,22/01/2026,19:45:00,9,4,MZS_999,,,,,,18.9,19.1,19.2,19.06666667,0.152752523,,,,,,
MZS25_009,WATER,Dark,0.6,2.533333333,,22/01/2026,20:47:00,9,4,MZS_999,,,,,,18.8,19,18.8,18.86666667,0.115470054,,,,,,
MZS25_009,WATER,Dark,0.9,4.533333333,,22/01/2026,22:47:00,9,4,MZS_999,,,,,,19,19.1,19.1,19.06666667,0.057735027,,,,,,
MZS25_009,WATER,Dark,0.9,5.166666667,,22/01/2026,23:25:00,9,4,MZS_999,,,,,,19.1,19.1,19.2,19.13333333,0.057735027,,,,,,
MZS25_009,WATER,Dark,1.3,7.166666667,,23/01/2026,01:25:00,9,4,MZS_999,,,,,,19.8,19.9,19.9,19.86666667,0.057735027,,,,,,
MZS25_009,WATER,Dark,0.8,12.83333333,,23/01/2026,07:05:00,9,4,MZS_999,,,,,,19.8,19.7,19.8,19.76666667,0.057735027,,,,,,
MZS25_009,WATER,Dark,2,0,,22/01/2026,18:15:00,10,5,MZS_999,,,,,,20.4,20.7,20.7,20.6,0.173205081,,,,,,
MZS25_009,WATER,Dark,0.5,0.5,,22/01/2026,18:45:00,10,5,MZS_999,,,,,,19.9,19.9,19.9,19.9,0,,,,,,
MZS25_009,WATER,Dark,0.5,1,,22/01/2026,19:15:00,10,5,MZS_999,,,,,,18.9,19.1,19.2,19.06666667,0.152752523,,,,,,
MZS25_009,WATER,Dark,0.6,1.5,,22/01/2026,19:45:00,10,5,MZS_999,,,,,,18.9,19,18.9,18.93333333,0.057735027,,,,,,
MZS25_009,WATER,Dark,0.6,2.533333333,,22/01/2026,20:47:00,10,5,MZS_999,,,,,,18.7,18.9,18.9,18.83333333,0.115470054,,,,,,
MZS25_009,WATER,Dark,0.9,4.533333333,,22/01/2026,22:47:00,10,5,MZS_999,,,,,,19.3,19.4,19.4,19.36666667,0.057735027,,,,,,
MZS25_009,WATER,Dark,0.9,5.166666667,,22/01/2026,23:25:00,10,5,MZS_999,,,,,,19.5,19.6,19.6,19.56666667,0.057735027,,,,,,
MZS25_009,WATER,Dark,1.3,7.166666667,,23/01/2026,01:25:00,10,5,MZS_999,,,,,,19.3,19.6,19.6,19.5,0.173205081,,,,,,
MZS25_009,WATER,Dark,0.8,12.83333333,,23/01/2026,07:05:00,10,5,MZS_999,,,,,,19.2,19.3,19.4,19.3,0.1,,,,,,
MZS25_009,WATER,Dark,2,0,,22/01/2026,18:15:00,11,6,MZS_999,,,,,,18.9,18.9,18.9,18.9,0,,,,,,
MZS25_009,WATER,Dark,0.5,0.5,,22/01/2026,18:45:00,11,6,MZS_999,,,,,,18.5,18.6,18.6,18.56666667,0.057735027,,,,,,
MZS25_009,WATER,Dark,0.5,1,,22/01/2026,19:15:00,11,6,MZS_999,,,,,,18.5,18.6,18.7,18.6,0.1,,,,,,
MZS25_009,WATER,Dark,0.6,1.5,,22/01/2026,19:45:00,11,6,MZS_999,,,,,,18.6,18.8,18.8,18.73333333,0.115470054,,,,,,
MZS25_009,WATER,Dark,0.6,2.533333333,,22/01/2026,20:47:00,11,6,MZS_999,,,,,,18.7,18.9,18.7,18.76666667,0.115470054,,,,,,
MZS25_009,WATER,Dark,0.9,4.533333333,,22/01/2026,22:47:00,11,6,MZS_999,,,,,,18.7,18.8,18.8,18.76666667,0.057735027,,,,,,
MZS25_009,WATER,Dark,0.9,5.166666667,,22/01/2026,23:25:00,11,6,MZS_999,,,,,,19.1,19.2,19.2,19.16666667,0.057735027,,,,,,
MZS25_009,WATER,Dark,1.3,7.166666667,,23/01/2026,01:25:00,11,6,MZS_999,,,,,,19.2,19.2,19.3,19.23333333,0.057735027,,,,,,
MZS25_009,WATER,Dark,0.8,12.83333333,,23/01/2026,07:05:00,11,6,MZS_999,,,,,,18.7,18.8,18.8,18.76666667,0.057735027,,,,,,
MZS25_015.1,DRY SOIL,Dark,3.8,0,,09/01/2026,16:45:00,20,1,MZS_999,19.8,19.9,20.1,19.93333333,0.152752523,21.2,21.1,21.4,21.23333333,0.152752523,,,,,,Weight: 5.18g. Temperature weight: 5.22g.
MZS25_015.1,DRY SOIL,Dark,1.9,0.666666667,,09/01/2026,17:25:00,20,1,MZS_999,20,20.1,20.2,20.1,0.1,20.3,20.7,20.7,20.56666667,0.230940108,,,,,,Weight: 5.18g. Temperature weight: 5.22g.
MZS25_015.1,DRY SOIL,Dark,1,1.333333333,,09/01/2026,18:05:00,20,1,MZS_999,19.9,20.1,20.3,20.1,0.2,20.3,20.6,20.7,20.53333333,0.2081666,,,,,,Weight: 5.18g. Temperature weight: 5.22g.
MZS25_015.1,DRY SOIL,Dark,1.3,2.333333333,,09/01/2026,19:05:00,20,1,MZS_999,20,20.3,20.3,20.2,0.173205081,20.1,20.5,20.7,20.43333333,0.305505046,,,,,,Weight: 5.18g. Temperature weight: 5.22g.
MZS25_015.1,DRY SOIL,Dark,1.1,4.25,,09/01/2026,21:00:00,20,1,MZS_999,19.8,20.1,20.3,20.06666667,0.251661148,20.9,21.1,21.1,21.03333333,0.115470054,,,,,,Weight: 5.18g. Temperature weight: 5.22g.
MZS25_015.1,DRY SOIL,Dark,1.1,6.333333333,,09/01/2026,23:05:00,20,1,MZS_999,20.2,20.3,20.3,20.26666667,0.057735027,21.1,21,21.2,21.1,0.1,,,,,,Weight: 5.18g. Temperature weight: 5.22g.
MZS25_015.1,DRY SOIL,Dark,0.9,8.166666667,,10/01/2026,00:55:00,20,1,MZS_999,20.3,20.5,20.5,20.43333333,0.115470054,20.5,20.7,20.9,20.7,0.2,,,,,,Weight: 5.18g. Temperature weight: 5.22g.
MZS25_015.1,DRY SOIL,Dark,1.9,17.25,,10/01/2026,10:00:00,20,1,MZS_999,20,20.3,20.3,20.2,0.173205081,20.6,20.9,21,20.83333333,0.2081666,,,,,,Weight: 5.18g. Temperature weight: 5.22g.
MZS25_015.1,DRY SOIL,Dark,3.8,0,,09/01/2026,16:45:00,21,2,MZS_999,19.7,19.8,19.9,19.8,0.1,21.1,21.2,21.1,21.13333333,0.057735027,,,,,,Weight: 5.00g. Temperature weight: 5.22g.
MZS25_015.1,DRY SOIL,Dark,1.9,0.666666667,,09/01/2026,17:25:00,21,2,MZS_999,22.2,22.3,22.4,22.3,0.1,22.1,22.2,22.1,22.13333333,0.057735027,,,,,,Weight: 5.00g. Temperature weight: 5.22g.
MZS25_015.1,DRY SOIL,Dark,1,1.333333333,,09/01/2026,18:05:00,21,2,MZS_999,19.8,20,20.1,19.96666667,0.152752523,20.5,20.5,20.6,20.53333333,0.057735027,,,,,,Weight: 5.00g. Temperature weight: 5.22g.
MZS25_015.1,DRY SOIL,Dark,1.3,2.333333333,,09/01/2026,19:05:00,21,2,MZS_999,19.4,19.6,19.7,19.56666667,0.152752523,19.8,20.2,20.2,20.06666667,0.230940108,,,,,,Weight: 5.00g. Temperature weight: 5.22g.
MZS25_015.1,DRY SOIL,Dark,1.1,4.25,,09/01/2026,21:00:00,21,2,MZS_999,19.6,19.8,20,19.8,0.2,20.1,20.3,20.3,20.23333333,0.115470054,,,,,,Weight: 5.00g. Temperature weight: 5.22g.
MZS25_015.1,DRY SOIL,Dark,1.1,6.333333333,,09/01/2026,23:05:00,21,2,MZS_999,19.5,19.8,19.9,19.73333333,0.2081666,19.8,20.1,20.2,20.03333333,0.2081666,,,,,,Weight: 5.00g. Temperature weight: 5.22g.
MZS25_015.1,DRY SOIL,Dark,0.9,8.166666667,,10/01/2026,00:55:00,21,2,MZS_999,19.8,20,20.1,19.96666667,0.152752523,19.8,20,20,19.93333333,0.115470054,,,,,,Weight: 5.00g. Temperature weight: 5.22g.
MZS25_015.1,DRY SOIL,Dark,1.9,17.25,,10/01/2026,10:00:00,21,2,MZS_999,19.7,20,20.1,19.93333333,0.2081666,19.9,20.3,20.3,20.16666667,0.230940108,,,,,,Weight: 5.00g. Temperature weight: 5.22g.
MZS25_015.2,WET SOIL,Dark,2.1,0,,09/01/2026,16:45:00,22,1,MZS_999,16.6,16.8,16.9,16.76666667,0.152752523,21.1,21.5,21.3,21.3,0.2,,,,,,Weight: 5.32g. Temperature weight: 5.27g.
MZS25_015.2,WET SOIL,Dark,1.8,0.666666667,,09/01/2026,17:25:00,22,1,MZS_999,16.5,16.6,16.7,16.6,0.1,20,20.2,20.3,20.16666667,0.152752523,,,,,,Weight: 5.32g. Temperature weight: 5.27g.
MZS25_015.2,WET SOIL,Dark,1.8,1.333333333,,09/01/2026,18:05:00,22,1,MZS_999,16.6,16.8,16.9,16.76666667,0.152752523,20.3,20.6,20.8,20.56666667,0.251661148,,,,,,Weight: 5.32g. Temperature weight: 5.27g.
MZS25_015.2,WET SOIL,Dark,0.9,2.333333333,,09/01/2026,19:05:00,22,1,MZS_999,17.5,17.7,17.7,17.63333333,0.115470054,20.6,20.8,20.9,20.76666667,0.152752523,,,,,,Weight: 5.32g. Temperature weight: 5.27g.
MZS25_015.2,WET SOIL,Dark,0.5,4.25,,09/01/2026,21:00:00,22,1,MZS_999,18.2,18.3,18.3,18.26666667,0.057735027,21,21.2,21.1,21.1,0.1,,,,,,Weight: 5.32g. Temperature weight: 5.27g.
MZS25_015.2,WET SOIL,Dark,1,6.333333333,,09/01/2026,23:05:00,22,1,MZS_999,19,19,19.1,19.03333333,0.057735027,20.7,21.3,21.1,21.03333333,0.305505046,,,,,,Weight: 5.32g. Temperature weight: 5.27g.
MZS25_015.2,WET SOIL,Dark,0.8,8.166666667,,10/01/2026,00:55:00,22,1,MZS_999,18.9,19,19,18.96666667,0.057735027,20.7,21.2,21.4,21.1,0.360555128,,,,,,Weight: 5.32g. Temperature weight: 5.27g.
MZS25_015.2,WET SOIL,Dark,3.2,17.25,,10/01/2026,10:00:00,22,1,MZS_999,18.7,19,19.1,18.93333333,0.2081666,19.8,20.2,20.4,20.13333333,0.305505046,,,,,,Weight: 5.32g. Temperature weight: 5.27g.
MZS25_015.2,WET SOIL,Dark,2.1,0,,09/01/2026,16:45:00,23,2,MZS_999,15.5,15.8,15.7,15.66666667,0.152752523,21.5,21.8,21.9,21.73333333,0.2081666,,,,,,Weight: 5.16g. Temperature weight: 5.27g.
MZS25_015.2,WET SOIL,Dark,1.8,0.666666667,,09/01/2026,17:25:00,23,2,MZS_999,16,16.2,16.2,16.13333333,0.115470054,19.9,20,20.2,20.03333333,0.152752523,,,,,,Weight: 5.16g. Temperature weight: 5.27g.
MZS25_015.2,WET SOIL,Dark,1.8,1.333333333,,09/01/2026,18:05:00,23,2,MZS_999,16.3,16.4,16.4,16.36666667,0.057735027,20.2,20.5,20.5,20.4,0.173205081,,,,,,Weight: 5.16g. Temperature weight: 5.27g.
MZS25_015.2,WET SOIL,Dark,0.9,2.333333333,,09/01/2026,19:05:00,23,2,MZS_999,17.5,17.7,17.7,17.63333333,0.115470054,20.7,21,21.1,20.93333333,0.2081666,,,,,,Weight: 5.16g. Temperature weight: 5.27g.
MZS25_015.2,WET SOIL,Dark,1.9,4.25,,09/01/2026,21:00:00,23,2,MZS_999,18.1,18.3,18.3,18.23333333,0.115470054,21.2,21.3,21.3,21.26666667,0.057735027,,,,,,Weight: 5.16g. Temperature weight: 5.27g.
MZS25_015.2,WET SOIL,Dark,1,6.333333333,,09/01/2026,23:05:00,23,2,MZS_999,18.7,18.8,19,18.83333333,0.152752523,20.6,21,21,20.86666667,0.230940108,,,,,,Weight: 5.16g. Temperature weight: 5.27g.
MZS25_015.2,WET SOIL,Dark,0.8,8.166666667,,10/01/2026,00:55:00,23,2,MZS_999,19.2,19.3,19.6,19.36666667,0.2081666,21.3,21.4,21.6,21.43333333,0.152752523,,,,,,Weight: 5.16g. Temperature weight: 5.27g.
MZS25_015.2,WET SOIL,Dark,3.2,17.25,,10/01/2026,10:00:00,23,2,MZS_999,18.9,19.2,19.3,19.13333333,0.2081666,20.9,21.4,21.3,21.2,0.264575131,,,,,,Weight: 5.16g. Temperature weight: 5.27g.
